scientific_name,latitude,longitude,timestamp
Harpiliopsis depressa,10.86,72.18,2018-05-03
Saron marmoratus,10.86,72.18,2018-05-03
Coralliocaris superba,10.86,72.18,2018-05-03
Ophiomastix elegans,10.861,72.21,2019-05-28
Ophiarachnella septimspinosa,10.866,72.207,2019-11-06
Ophiothrix (Acanthophiothrix) purpurea,10.866,72.207,2019-11-06
Ophiomastix elegans,10.866,72.207,2019-11-06
Himerometra robustipinna,10.861,72.21,2019-05-28
Dichrometra palmata,10.861,72.21,2019-05-28
Comanthus wahlbergii,10.861,72.21,2019-05-28
Comaster schlegelii,10.869,72.206,2018-11-10
Himerometra robustipinna,10.869,72.206,2018-11-10
Dichrometra palmata,10.869,72.206,2018-11-10
Comanthus wahlbergii,10.869,72.206,2018-11-10
Comaster schlegelii,11.131,72.717,2018-05-06
Himerometra robustipinna,10.867,72.167,2018-12-12
Fromia monilis,10.861,72.21,2019-05-28
Fromia milleporella,10.861,72.21,2019-05-28
Mithrodia clavigera,10.861,72.21,2019-05-28
Aquilonastra burtoni,10.861,72.21,2019-05-28
Pearsonothuria graeffei,10.869,72.206,2018-05-07
Baeolidia moebii,10.86,72.18,2018-05-03
Phyllidia alyta,10.86,72.18,2018-05-01
Chelidonura hirundinina,10.86,72.2,2018-05-03
Phyllidiella zeylanica,10.86,72.2,2018-05-04
Phyllidiella rosans,10.87,72.17,2018-05-08
Phyllidiopsis phiphiensis,10.87,72.17,2018-05-08
Verconia norba,10.87,72.17,2018-05-08
Phyllidia marindica,10.94,72.22,2019-02-01
Halgerda tessellata,10.84,72.19,2019-02-02
Phyllidia alyta,16.21,72.09,2019-12-24
Taringa caudata,16.24,72.06,2019-05-10
Phyllidia ocellata,10.86,72.2,2018-05-07
Diniatys dubia,10.86,72.18,2018-05-03
Pseudobiceros hymanae,10.87,72.17,2018-05-03
Pseudoceros bicolor,10.87,72.18,2018-05-05
Pseudoceros bipurpureus,10.84,72.19,2019-05-06
Alpheus frontalis,10.83,72.19,
Alpheus lottini,10.83,72.19,
Alpheus sp.,10.83,72.19,
Hymenocera picta,10.83,72.19,
Echinothrix calamaris,10.5,73.0,2016-05-28
Tripneustes gratilla,10.844529,72.18395,2018-11-07
Macrophiothrix longipeda,10.559824,72.627216,2016-12-12
Macrophiothrix demessa,10.559824,72.627216,2016-12-12
Fromia milleporella,10.844529,72.18395,2018-11-06
Linckia laevigata,10.844529,72.18395,2018-11-07
Ophiocoma cynthiae,10.8455,72.1891,2019-11-06
Ophiocoma cynthiae,10.845,72.188,2019-11-06
Echinometra mathaei,10.8455,72.1891,2019-11-06
Ophiomoeris obstricta,10.547,72.64,2019-12-12
Heterocentrotus mamillatus,10.8779,72.2038,2018-11-05
Echinothrix diadema,10.849,72.188,2018-11-04
Diadema savignyi,10.849,72.188,2018-11-04
Tripneustes gratilla,10.8455,72.1891,2018-11-06
Breviturma dentata,10.8455,72.1891,2018-11-06
Asteropsis carinifera,10.849,72.188,2018-11-04
Linckia laevigata,10.849,72.188,2018-11-04
Toxopneustes pileolus,10.8455,72.1891,2018-11-06
Breviturma dentata,10.849,72.188,2018-11-04
Breviturma dentata,10.56111,72.64722,2020-02-24
Breviturma brevipes,11.48222,73.00917,2020-02-19
Culcita schmideliana,11.11889,72.71083,2020-02-18
Breviturma dentata,10.8455,72.1891,2019-11-06
Echinothrix diadema,10.8455,72.1891,2019-11-06
Diadema savignyi,10.8455,72.1891,2019-05-26
Linckia guildingi,10.844529,72.18395,2018-11-06
Breviturma pica,10.844529,72.18395,2018-11-06
Aquilonastra burtoni,18.94242,72.79306,2019-01-15
Macrophiothrix speciosa,18.94242,72.79306,2019-01-15
Amphipholis squamata,10.57,72.64,2020-02-25
Pleurobranchus peronii,10.86,72.2,2018-05-06
Dolabrifera dolabrifera,10.86,72.2,2018-05-11
Peltodoris murrea,10.86,72.2,2018-05-11
Pleurobranchus grandis,10.84,72.18,2018-05-19
Pleurobranchus forskalii,10.83,72.19,2018-05-20
Plakobranchus ocellatus,10.86,72.2,2018-11-04
Dendrodoris nigra,10.86,72.2,2018-11-04
Phestilla lugubris,10.83,72.19,2018-05-20
Stylocheilus striatus,10.83,72.19,2018-05-20
Dendrodoris nigra,10.86,72.2,2019-05-06
Phestilla lugubris,10.83,72.19,2019-05-06
Stylocheilus striatus,10.83,72.19,2019-05-06
Thuridilla gracilis,10.86,72.2,2019-05-07
Berthellina delicata,10.84,72.18,2019-05-08
Lepidonotus cristatus,10.84,72.18,2018-11-03
Iphione muricata,10.84,72.18,2018-11-03
Iphione ovata,10.84,72.18,2018-11-03
Protodorvillea egena,10.84,72.18,2018-11-03
Glycera lancadivae,10.84,72.18,2018-11-03
Glycera benguellana,10.84,72.18,2018-11-04
Glycera papillosa,10.84,72.18,2018-11-04
Glycera tesselata,10.84,72.18,2018-11-04
Podarkeopsis capensis,10.84,72.18,2018-11-04
Onuphis holobranchiata,10.84,72.18,2018-11-04
Namanereis,10.84,72.18,2018-11-04
Platynereis,10.84,72.18,2018-11-04
Eurythoe,10.84,72.18,2018-11-05
Novafabricia,10.84,72.18,2018-11-05
Chone filicaudata,10.84,72.18,2018-11-05
Chone letterstedti,10.84,72.18,2018-11-05
Phyllodoce malmgreni,10.84,72.18,2018-11-05
Podarkeopsis,10.84,72.18,2018-11-06
Notomastus aberans,10.84,72.18,2018-11-06
Mediomastus,10.84,72.18,2018-11-06
Paradoneis lyra,10.84,72.18,2018-11-06
Euclymene,10.84,72.18,2018-11-06
Lumbrineris latreilli,10.84,72.18,2018-11-07
Lumbrineris meteorana,10.84,72.18,2018-11-07
Pisione brevicirra,10.84,72.18,2018-11-07
Ctenodrilus serratus,10.84,72.18,2018-11-07
Polycirrus,10.84,72.18,2018-11-07
Caulleriella bioculata,10.84,72.18,2018-11-07
Poecilochaetus serpens,10.84,72.18,2018-11-07
Chrysopetalum debile,10.84,72.18,2018-11-07
Polyophthalmus,10.84,72.18,2018-11-07
Tachytrypane,10.84,72.18,2018-11-07
Saccocirrus,10.84,72.18,2018-11-08
Polygordius,10.84,72.18,2018-11-08
Naineris setosa,10.84,72.18,2018-11-08
Aonides,10.84,72.18,2018-11-08
Scolelepis,10.84,72.18,2018-11-08
Lysidice unicornis,10.84,72.18,2018-11-09
Prionospio cerastae,10.84,72.18,2018-11-09
Laonice cirrata,10.84,72.18,2018-11-09
Armandia intermedia,10.84,72.18,2018-11-09
Spiochaetopterus,10.84,72.18,2018-11-10
Pionosyllis,10.84,72.18,2018-11-10
Exogone,10.84,72.18,2018-11-10
Sphaerosyllis,10.84,72.18,2018-11-10
Syllis cornuta,10.84,72.18,2018-11-10
Dorvillea,10.84,72.18,2018-11-10
Ampharete agulhasensis,10.84,72.18,2018-11-10
Scoloplos,10.84,72.18,2018-11-10
Pseudexogone,10.84,72.18,2018-11-10
Halosydna,10.84,72.18,2018-11-10
Pseudobiceros apricus,10.88,72.2,2018-05-12
Pseudoceros bolool,10.88,72.17,2018-05-12
Pseudoceros agattiensis,10.02,72.2,2018-05-12
Pseudoceros stellans,10.0,72.18,2018-05-21
Pseudoceros paralaticlavus,10.86,72.2,2018-05-06
Pseudobiceros hancockanus,10.86,72.2,2018-05-11
Pseudoceros duplicinctus,10.85,72.19,2018-05-17
Pseudoceros bolool,10.86,72.2,2018-11-09
Pseudobiceros hancockanus,10.86,72.2,2018-11-09
Pseudoceros bolool,10.86,72.2,2019-05-06
Acanthozoon fuscobulbosum,10.86,72.2,2019-05-06
Pseudobiceros stellae,10.86,72.2,2019-05-06
Pseudoceros galatheensis,10.83,72.19,2019-05-07
Pseudobiceros damawan,10.83,72.19,2019-05-07
Pseudobiceros hancockanus,10.85,72.19,2019-05-09
Pseudoceros duplicinctus,10.85,72.19,2019-05-09
Pseudoceros duplicinctus,11.22,72.77,2020-02-17
Pseudoceros indicus,11.22,72.77,2020-02-17
Pseudoceros galatheensis,11.11,72.71,2020-02-18
Pseudobiceros stellae,11.11,72.71,2020-02-18
Pseudoceros duplicinctus,10.54,72.62,2020-02-23
Pseudoceros galatheensis,10.54,72.62,2020-02-23
Bulaceros porcellanus,10.85,72.19,2018-07-11
Bulaceros newcannorum,10.83,72.19,2019-07-05
Bulaceros newcannorum,10.56,72.63,2020-02-22
Pseudoceros galaxea,10.84,72.18,2019-05-07
Pseudoceros paralaticlavus,10.86,72.2,2018-11-09
Pseudoceros paralaticlavus,10.54,72.62,2020-02-23
Pseudobiceros stellae,11.22,72.77,2020-02-17
Pericelis byerleyana,10.86,72.2,2019-05-06
Phascolosoma (Phascolosoma) pacificum,10.86,72.2,2018-11-09
Anchylomera blossevillei,-31.98,57.483333,2009-02-16
Hyperietta stephenseni,-31.98,57.483333,2009-02-16
Themisto gaudichaudi,-47.1,57.6,2009-02-23
Themisto gaudichaudi,-47.98,48.5,2009-02-15
Themisto gaudichaudi,-47.0,45.0,2009-02-16
Themisto gaudichaudi,-46.0,45.0,2009-02-16
Themisto gaudichaudi,-45.0,45.0,2009-02-17
Themisto gaudichaudi,-43.0,46.983333,2009-02-18
Linuparus somniosus,13.22,93.18,2011-11-27
Puerulus angulatus,6.64,93.68,2010-09-24
Puerulus sewelli,12.81,93.08,2010-09-17
Puerulus sewelli,11.15,92.33,2010-09-19
Puerulus sewelli,6.64,93.68,2010-09-24
Puerulus sewelli,13.22,93.18,2011-11-27
Puerulus sewelli,13.0,93.11,2011-11-28
Puerulus sewelli,6.84,93.05,2011-12-10
Puerulus sewelli,7.75,93.21,2011-12-13
Puerulus sewelli,12.47,74.15,2013-08-24
Puerulus sewelli,11.8,92.33,2015-01-14
Puerulus sewelli,11.21,92.36,2015-01-15
Puerulus sewelli,11.35,92.39,2015-01-11
Puerulus sewelli,10.86,92.19,2015-01-26
Puerulus sewelli,6.83,93.76,2015-02-01
Puerulus sewelli,12.53,93.15,2016-04-10
Puerulus sewelli,12.74,93.11,2016-04-10
Puerulus sewelli,13.24,93.17,2016-04-11
Puerulus sewelli,11.93,92.28,2016-04-12
Puerulus sewelli,12.49,93.18,2017-11-25
Puerulus sewelli,13.27,93.26,2017-11-26
Puerulus sewelli,9.5,75.7,2018-03-03
Bathyarctus rubens,13.03,93.1,2010-09-16
Bathyarctus rubens,13.22,93.18,2011-11-27
Bathyarctus rubens,13.0,93.11,2011-11-28
Bathyarctus rubens,10.86,92.19,2015-01-26
Bathyarctus rubens,12.53,93.15,2016-04-10
Bathyarctus rubens,13.24,93.17,2016-04-11
Bathyarctus rubens,12.49,93.18,2017-11-25
Gibbularctus gibberosus,6.65,93.83,2019-08-16
Petrarctus rugosus,8.37,93.57,2019-08-13
Petrarctus rugosus,6.96,93.6,2019-08-17
Petrarctus rugosus,6.8,93.69,2019-08-18
Puerulus sewelli,13.03,93.1,2010-09-16
Puerulus angulatus,6.84,93.05,2011-12-10
Puerulus angulatus,7.75,93.21,2011-12-13
Paralomis indica,6.84,93.05,2011-12-10
Uroptychus sampadae,14.39,73.03,2018-02-28
Sternostylus investigatoris,7.53,93.65,2011-12-11
Sternostylus investigatoris,12.48,92.39,2016-04-04
Munidopsis dasypus,11.38,92.78,2015-01-16
Munidopsis levis,14.39,73.03,2018-02-28
Munidopsis levis,14.37,73.03,2018-04-09
Munidopsis regia,10.9,93.07,2010-09-15
Munidopsis regia,6.64,93.68,2010-09-24
Munidopsis regia,11.35,92.39,2015-01-11
Munidopsis regia,13.27,93.26,2017-11-26
Munidopsis regia,11.8,92.09,2017-11-28
Munidopsis trifida,14.39,73.03,2018-02-28
Munidopsis trifida,14.37,73.03,2018-04-09
Munidopsis wardeni,14.39,73.03,2018-02-28
Agononida indocerta,9.6,92.73,2016-04-06
Agononida prolixa,13.22,93.18,2011-11-27
Agononida prolixa,12.78,93.11,2015-01-18
Agononida prolixa,12.53,93.15,2016-04-10
Munida andamanica,10.9,93.07,2010-09-15
Munida andamanica,6.64,93.68,2010-09-24
Munida andamanica,11.35,92.39,2015-01-11
Munida andamanica,12.78,93.11,2015-01-18
Munida andamanica,12.74,93.11,2016-04-10
Trapezionida samudrika,8.56,78.33,2020-02-12
Munida sp.,10.99,80.43,2020-03-07
Uroptychus sampadae,14.37,73.03,2018-04-09
Munida andamanica,8.24,76.49,2020-02-29
Agononida prolixa,13.0,93.11,2011-11-28
Paralomis ceres,8.41,75.89,2013-07-17
Paralomis indica,17.05,83.3,2010-09-02
Paralomis indica,18.83,85.37,2011-10-30
Paralomis indica,10.92,80.36,2011-11-08
Paralomis indica,11.91,80.14,2011-11-09
Paralomis indica,11.1,80.32,2010-08-26
Paralomis indica,18.84,85.39,2011-10-29
Paralomis indica,12.47,74.15,2013-08-24
Paralomis indica,12.1,74.32,2013-08-26
Paralomis indica,8.24,76.49,2020-02-29
Paramunida travancorica,7.01,77.32,2020-02-14
Petrolisthes militaris,8.56,78.33,2020-02-12
Munidopsis regia,8.24,76.49,2020-02-29
Munidopsis scobina,16.04,81.68,2016-11-19
Munidopsis scobina,12.47,74.15,2013-08-24
Agononida prolixa,12.74,93.11,2016-04-10
Munida andamanica,10.17,75.66,2020-02-21
Agononida,7.01,77.32,2020-02-14
Munida andamanica,13.03,92.17,2015-01-18
Agononida prolixa,10.86,92.19,2015-01-26
Munidopsis scobina,17.05,83.3,2010-09-02
Munidopsis scobina,10.99,80.43,2020-03-07
Munidopsis scobina,11.13,80.2,2010-08-27
Munida andamanica,11.1,80.32,2010-08-26
Munidopsis regia,11.1,80.32,2010-08-26
Munidopsis wardeni,14.26,73.26,2010-10-15
Agononida prolixa,13.03,93.1,2010-09-16
Munidopsis stylirostris,8.08,76.12,2017-10-24
Neolithodes indicus,7.79,76.46,2013-07-15
Neolithodes indicus,7.86,76.41,2014-07-25
Neolithodes indicus,8.29,76.03,2013-09-10
Munida andamanica,12.47,74.15,2013-08-24
Eumunida multispina,8.36,76.3,2020-09-25
Agononida prolixa,12.81,93.08,2010-09-17
Munida andamanica,10.07,75.62,2010-10-14
Munidopsis unguifera,10.07,75.62,2010-10-14
Munidopsis scobina,10.07,75.62,2010-10-14
Munidopsis regia,11.15,92.33,2010-09-19
Munida andamanica,8.01,76.43,2013-12-10
Munidopsis scobina,12.12,80.33,2011-11-05
Munida andamanica,11.21,92.36,2015-01-15
Munida andamanica,12.22,74.33,2012-08-23
Munida andamanica,10.86,92.19,2015-01-26
Munida andamanica,8.28,76.52,2017-10-26
Munidopsis wardeni,17.62,72.01,2018-01-15
Munidopsis stylirostris,8.01,76.43,2013-12-10
Paralomis indica,8.64,76.1,2020-09-23
Munidopsis bhavasagara,8.42,75.92,2013-12-11
Munidopsis unguifera,11.95,80.15,2019-11-29
Leiogalathea sp.,12.83,93.06,2019-07-26
Gastroptychus valdiviae,9.22,92.67,2017-01-11
Galathea tirmiziae,10.72,92.7,2019-08-10
Trapezionida bharuchai,10.72,92.7,2019-08-10
Trapezionida bharuchai,6.64,93.82,2019-08-16
Leptonida vigiliarum,11.57,92.81,2019-08-09
Grimothea krishaha,9.29,92.91,2015-01-28
Trapezionida aequispina,9.31,92.82,2017-01-12
Trapezionida aequispina,9.29,92.91,2015-01-28
Raymunida shraddhanandi,10.72,92.7,2019-08-10
Raymunida vittata,10.72,92.7,2019-08-10
Grimothea sp.,11.79,92.34,2015-01-14
Galathea nicobarica,9.29,92.91,2015-01-28
Munidopsis bengala,11.03,80.26,2015-12-05
Munidopsis kadal,10.99,74.98,2015-06-19
Metanephrops andamanicus,7.75,93.21,2011-12-13
Metanephrops andamanicus,6.84,93.05,2011-12-10
Metanephrops andamanicus,12.83,93.21,2010-09-17
Metanephrops andamanicus,6.64,93.68,2010-09-24
Metanephrops andamanicus,11.21,92.36,2015-01-15
Metanephrops andamanicus,13.03,92.17,2015-01-18
Metanephrops andamanicus,10.86,92.19,2015-01-26
Metanephrops andamanicus,6.83,93.76,2015-02-01
Nephropsis,11.01,80.3,2010-08-26
Nephropsis,11.13,80.2,2010-08-27
Nephropsis carpenteri,17.12,83.39,2010-09-02
Nephropsis rahayuae,12.81,93.08,2010-09-17
Nephropsis,10.9,93.07,2010-09-15
Metanephrops andamanicus,11.19,92.34,2016-04-14
Nephropsis stewarti,6.64,93.68,2010-09-24
Nephropsis stewarti,7.52,93.4,2010-09-24
Nephropsis,10.73,80.64,2011-11-07
Nephropsis,10.92,80.36,2011-11-08
Nephropsis stewarti,10.92,80.36,2011-11-08
Nephropsis stewarti,11.16,92.39,2011-11-22
Nephropsis,13.22,93.18,2011-11-27
Nephropsis stewarti,6.84,93.05,2011-12-10
Nephropsis carpenteri,12.1,74.32,2013-08-26
Nephropsis stewarti,11.35,92.39,2015-01-11
Nephropsis rahayuae,13.03,92.17,2015-01-18
Nephropsis rahayuae,10.9,93.07,2010-09-15
Nephropsis stewarti,10.86,92.19,2015-01-26
Nephropsis rahayuae,6.83,93.76,2015-02-01
Nephropsis rahayuae,13.24,93.17,2016-04-11
Nephropsis carpenteri,15.66,72.68,2018-02-27
Nephropsis carpenteri,13.37,80.65,2019-11-08
Nephropsis carpenteri,11.96,80.15,2019-11-29
Nephropsis carpenteri,15.76,72.36,2019-01-01
Nephropsis stewarti,8.24,76.49,2020-02-29
Nephropsis ensirostris,14.26,73.26,2010-10-15
Nephropsis ensirostris,8.36,76.24,2017-10-25
Nephropsis stewarti,11.15,92.33,2010-09-19
Nephropsis stewarti,10.9,93.07,2010-09-15
Nephropsis stewarti,11.91,80.14,2011-11-09
Nephropsis stewarti,7.75,93.21,2011-12-13
Nephropsis stewarti,12.14,93.19,2016-04-11
Nephropsis stewarti,11.19,92.34,2016-04-14
Nephropsis stewarti,13.27,93.26,2017-11-26
Nephropsis sulcata,8.41,75.89,2013-07-17
Nephropsis sulcata,8.01,76.43,2013-12-10
Acanthacaris tenuimana,8.01,76.43,2013-12-10
Nephropsis rahayuae,6.84,93.05,2011-12-10
Nephropsis carpenteri,11.95,80.15,2019-11-29
Guyanacaris keralam,12.1,74.32,2013-08-26
Paragourretia galathea,11.36,74.91,2015-05-25
Paragourretia galathea,15.47,73.07,2015-05-22
Charybdis (Archias) smithii,11.99,74.43,2011-08-08
Charybdis (Archias) smithii,12.91,92.45,2010-09-14
Charybdis (Archias) smithii,10.68,92.31,2010-09-20
Raninoides personatus,9.93,75.57,2015-05-27
Calappa gallus,10.72,92.71,2019-08-10
Tanaoa pustulosus,11.35,92.39,2015-01-11
Pleistacantha pungens,11.35,92.39,2015-01-11
Calappa guerini,15.47,73.07,2015-05-22
Pleistacantha pungens,13.03,92.17,2015-01-18
Paramaja gibba,11.35,92.39,2015-01-11
Calappa philargius,8.51,76.84,2015-05-28
Ethusa andamanica,7.22,77.53,2015-05-30
Urashima lamellidentatus,11.35,92.39,2015-01-11
Homolax megalops,11.35,92.39,2015-01-11
Homolax megalops,13.03,92.17,2015-01-18
Homolax megalops,10.86,92.19,2015-01-26
Mursia bicristimana,6.84,93.05,2011-12-10
Euclosiana nitida,22.49,68.19,2018-02-22
Euclosiana unidentata,15.47,73.07,2015-05-22
Urnalana pulchella,11.35,75.3,2015-05-25
Urnalana pulchella,7.44,77.6,2015-05-30
Arcania cornuta,15.47,73.07,2015-05-22
Arcania cornuta,22.49,68.19,2018-02-22
Arcania gracilis,11.35,75.3,2015-05-25
Arcania septemspinosa,22.49,68.19,2018-02-22
Arcania undecimspinosa,22.49,68.19,2018-02-22
Ebalia woodmasoni,11.35,75.3,2015-05-25
Myra brevimana,8.51,76.84,2015-05-28
Myra brevimana,12.82,74.51,2015-05-24
Myra brevimana,11.35,75.3,2015-05-25
Benthochascon hemingi,12.83,93.21,2010-09-17
Myra fugax,22.49,68.19,2018-02-22
Benthochascon hemingi,13.03,92.17,2015-01-18
Nursilia dentata,9.93,75.85,2015-05-26
Parilia alcocki,12.89,73.98,2015-05-24
Tokoyo eburnea,10.79,80.11,2019-11-30
Arcania brevifrons,10.79,80.11,2019-11-30
Paromolopsis boasi,7.52,93.4,2010-09-24
Myra brevimana,10.79,80.11,2019-11-30
Homolax megalops,12.78,93.08,2010-09-17
Lyphira perplexa,11.35,75.57,2015-05-25
Tokoyo eburnea,15.47,73.07,2015-05-22
Tokoyo eburnea,7.44,77.6,2015-05-30
Pariphiculus coronatus,15.47,73.07,2015-05-22
Pariphiculus coronatus,11.35,75.3,2015-05-25
Benthochascon hemingi,6.64,93.68,2010-09-24
Phalangipus hystrix,15.47,73.07,2015-05-22
Chorinachus dolichorhynchus,7.22,77.53,2015-05-30
Platymaia alcocki,7.75,93.21,2011-12-13
Carcinoplax indica,6.64,93.68,2010-09-24
Pleistacantha pungens,7.75,93.21,2011-12-13
Nectopanope rhodobaphes,7.21,77.17,2017-01-22
Kasagia sudhakari,7.44,77.6,2015-05-30
Cryptopodia contracta,11.35,75.3,2015-05-25
Parthenope longimanus,9.93,75.85,2015-05-26
Monomia gladiator,11.35,75.57,2015-05-25
Monomia gladiator,8.51,76.84,2015-05-28
Retropluma notopus,9.93,75.57,2015-05-27
Dicranodromia baffini,13.27,93.26,2017-11-26
Homolochunia valdiviae,13.27,93.26,2017-11-26
Gordonopsis robusta,13.27,93.26,2017-11-26
Homolax megalops,13.0,93.11,2011-11-28
Neopalicus contractus,6.65,93.83,2019-08-16
Homolax megalops,12.49,93.18,2017-11-25
Homolax megalops,11.8,92.09,2017-11-28
Homolax megalops,12.53,93.15,2016-04-10
Homolax megalops,12.74,93.11,2016-04-10
Homolax megalops,11.93,92.28,2016-04-12
Homolax megalops,12.14,93.19,2016-04-11
Homolax megalops,13.24,93.17,2016-04-11
Homolax megalops,6.84,93.05,2011-12-10
Petalomera indica,8.0,93.65,2017-01-13
Homolax megalops,7.75,93.21,2011-12-13
Homolax megalops,13.03,93.1,2010-09-16
Homolax megalops,13.22,93.18,2011-11-27
Tanaoa pustulosus,13.03,92.17,2015-01-18
Pleistacantha pungens,8.24,76.49,2020-02-29
Encephaloides armstrongi,17.1,83.3,2020-03-12
Paromolopsis boasi,8.24,76.49,2020-02-29
Prismatopus longispinus,8.0,93.65,2017-01-13
Paromolopsis boasi,10.73,80.64,2011-11-07
Parilia alcocki,9.98,75.59,2010-08-08
Homolax megalops,10.17,75.66,2020-02-21
Mursia bicristimana,10.17,75.66,2020-02-21
Homolax megalops,11.16,92.39,2011-11-22
Homolodromia rajeevani,10.73,80.64,2011-11-07
Paromolopsis boasi,12.12,80.33,2011-11-05
Paromolopsis boasi,13.27,93.26,2017-11-26
Paromolopsis boasi,11.8,92.09,2017-11-28
Ethusa andamanica,13.0,93.11,2011-11-28
Mursia bicristimana,12.53,93.15,2016-04-10
Arcania undecimspinosa,10.71,93.22,2015-01-25
Parilia pattersoni,13.0,93.11,2011-11-28
Tanaoa pustulosus,7.53,93.65,2011-12-11
Tanaoa pustulosus,12.14,93.19,2016-04-11
Tanaoa pustulosus,13.27,93.26,2017-11-26
Urashima lamellidentatus,13.0,93.11,2011-11-28
Paramaja gibba,12.53,93.15,2016-04-10
Paramaja gibba,12.49,93.18,2017-11-25
Pleistacantha pungens,11.16,92.39,2011-11-22
Pleistacantha pungens,9.6,92.73,2016-04-06
Pleistacantha pungens,6.84,93.05,2011-12-10
Pleistacantha pungens,13.27,93.26,2017-11-26
Platymaia alcocki,11.16,92.39,2011-11-22
Platymaia alcocki,6.84,93.05,2011-12-10
Platymaia alcocki,12.49,93.18,2017-11-25
Cyrtomaia goodridgei,7.53,93.65,2011-12-11
Cyrtomaia goodridgei,13.27,93.26,2017-11-26
Dairoides seafdeci,13.22,93.18,2011-11-27
Dairoides seafdeci,13.0,93.11,2011-11-28
Dairoides seafdeci,9.52,92.6,2015-01-27
Dairoides seafdeci,12.53,93.15,2016-04-10
Benthochascon hemingi,6.84,93.05,2011-12-10
Benthochascon hemingi,7.75,93.21,2011-12-13
Benthochascon hemingi,8.52,93.02,2011-12-14
Carcinoplax indica,13.22,93.18,2011-11-27
Homolodromia rajeevani,14.37,73.03,2018-04-09
Homolodromia rajeevani,14.39,73.03,2018-02-28
Homolodromia rajeevani,11.01,80.3,2010-08-26
Crocydocinus saravananei,8.41,76.16,2017-10-26
Urashima lamellidentatus,11.57,92.81,2019-08-09
Cycloes marisrubri,8.44,93.59,2019-08-13
Urnalana purarensis,6.65,93.83,2019-08-16
Oncinopus neptunus,10.72,92.71,2019-08-10
Oncinopus angustifrons,10.72,92.71,2019-08-10
Pseudolambrus calappoides,10.72,92.71,2019-08-10
Pseudolambrus tarpeius,10.72,92.71,2019-08-10
Rhinolambrus longispinus,10.72,92.71,2019-08-10
Rhabdonotus pictus,8.12,93.64,2019-08-13
Cavoportunus dubius,8.44,93.59,2019-08-13
Quadrella reticulata,8.44,93.59,2019-08-13
Cyrtocarcinus truncatus,8.44,93.59,2019-08-13
Visayax osteodictyon,6.65,93.83,2019-08-16
Bruciana pediger,6.65,93.83,2019-08-16
Liomera monticulosa,6.65,93.83,2019-08-16
Xanthias joanneae,6.65,93.83,2019-08-16
Lophozozymus dodone,6.65,93.83,2019-08-16
Lissocarcinus laevis,10.72,92.71,2019-08-10
Lupocyclus tugelae,10.72,92.71,2019-08-10
Lupocyclus tugelae,10.79,80.11,2019-11-30
Lupocyclus strigosus,10.72,92.71,2019-08-10
Monomia argentata argentata,20.01,69.55,2018-11-22
Monomia argentata argentata,10.79,80.11,2019-11-30
Monomia petrea,10.72,92.71,2019-08-10
Monomia petrea,6.65,93.83,2019-08-16
Monomia rubromarginata,10.72,92.71,2019-08-10
Cycloachelous levigatus,10.79,80.11,2019-11-30
Xiphonectes tuberculosus,10.79,80.11,2019-11-30
Charybdis (Charybdis) riversandersoni,20.01,69.55,2018-11-22
Charybdis (Archias) pusilla,20.01,69.55,2018-11-22
Charybdis (Archias) pusilla,17.46,71.82,2018-11-23
Goniosupradens acutifrons,6.65,93.83,2019-08-16
Thalamita malaccensis,17.46,71.82,2018-11-23
Thalamita picta,6.65,93.83,2019-08-16
Thalamita sexlobata,10.72,92.71,2019-08-10
Thalamita oculea,10.72,92.71,2019-08-10
Thalamita oculea,6.65,93.83,2019-08-16
Thalamita sima,10.79,80.11,2019-11-30
Thalamita spinifera,10.79,80.11,2019-11-30
Parilia alcocki,12.68,74.76,2010-10-16
Parilia alcocki,12.93,73.52,2019-09-30
Calappa bilineata,9.38,75.92,2019-03-04
Calappa exanthematosa,9.5,75.7,2018-03-03
Mursia bicristimana,11.33,74.9,2013-08-27
Mursia bicristimana,14.39,73.03,2018-02-28
Mursia bicristimana,9.38,75.92,2019-03-04
Arcania brevifrons,8.5,76.85,2009-05-31
Lyphira perplexa,9.0,76.39,2009-06-03
Tokoyo eburnea,8.5,76.85,2009-05-31
Encephaloides armstrongi,12.68,74.76,2010-10-16
Encephaloides armstrongi,10.96,80.29,2016-11-20
Encephaloides armstrongi,12.6,80.65,2019-11-08
Doclea muricata,9.0,76.39,2009-06-03
Doclea muricata,11.33,74.9,2013-08-27
Samadinia riversandersoni,14.39,73.03,2018-02-28
Samadinia riversandersoni,14.37,73.03,2018-04-09
Cryptopodia collifer,8.5,76.85,2009-05-31
Carcinoplax fasciata,14.39,73.03,2018-02-28
Carcinoplax indica,14.39,73.03,2018-02-28
Lauridromia dehaani,22.49,68.19,2018-02-22
Homolax megalops,9.5,75.7,2018-03-03
Homolax megalops,10.9,93.07,2010-09-15
Homolax megalops,11.95,80.15,2019-11-29
Retropluma notopus,10.67,80.38,2019-11-30
Paromolopsis boasi,10.9,93.07,2010-09-15
Lysirude channeri,8.23,76.49,2019-12-05
Notosceles serratifrons,7.68,77.51,2019-12-04
Notosceles serratifrons,8.47,76.49,2009-05-05
Dorippoides nudipes,9.0,76.39,2009-06-03
Ethusina gracilipes,14.39,73.03,2018-02-28
Ethusina gracilipes,19.95,87.01,2019-11-16
Portunus sanguinolentus,22.49,68.19,2018-02-22
Portunus sanguinolentus,8.5,76.85,2009-05-31
Monomia,8.5,76.85,2009-05-31
Charybdis (Charybdis) beauforti,9.38,75.92,2019-03-04
Charybdis (Charybdis) miles,22.49,68.19,2018-02-22
Charybdis (Charybdis) natator,22.49,68.19,2018-02-22
Charybdis (Archias) hoplites,17.62,72.01,2018-01-15
Charybdis (Archias) hoplites,22.49,68.19,2018-02-22
Charybdis (Archias) hoplites,20.3,69.39,2018-02-24
Charybdis (Archias) smithii,10.59,80.2,2009-05-05
Charybdis (Archias) smithii,7.48,77.51,2009-05-30
Charybdis (Archias) smithii,8.98,75.44,2009-08-14
Charybdis (Archias) smithii,11.14,75.38,2010-08-10
Charybdis (Archias) smithii,6.64,93.68,2010-09-24
Charybdis (Archias) smithii,11.33,74.9,2013-08-27
Charybdis (Archias) smithii,8.23,76.28,2019-07-07
Charybdis (Archias) smithii,7.29,77.5,2019-12-04
Charybdis (Archias) smithii,8.28,76.56,2019-12-05
Crocydocinus saravananei,8.46,76.41,2009-06-01
Sphaerodromia kendalli,13.22,80.51,2010-08-29
Sphaerodromia nux,11.93,92.28,2016-04-12
Intesius brevipes,11.35,92.39,2015-01-11
Tunepugettia corbariae,12.83,93.21,2010-09-17
Cyrtomaia suhmii,6.64,93.68,2010-09-24
Sphenomerides trapezioides,6.64,93.68,2010-09-24
Chaceon alcocki,9.25,76.17,2013-12-13
Charybdis (Archias) smithii,9.98,75.59,2010-08-08
Urashima lamellidentatus,10.17,75.66,2020-02-21
Carcinoplax fasciata,10.17,75.66,2020-02-21
Tokoyo eburnea,13.02,74.02,2018-11-25
Charybdis (Archias) smithii,9.74,75.62,2018-04-12
Kasagia sudhakari,7.42,77.52,2019-12-04
Jonas,7.42,77.52,2019-12-04
Homolax megalops,10.07,75.62,2010-10-14
Lysirude channeri,10.07,75.62,2010-10-14
Myra brevimana,6.96,93.6,2019-08-17
Myrine kesslerii,6.96,93.6,2019-08-17
Urnalana pulchella,6.96,93.6,2019-08-17
Liomera monticulosa,8.37,93.57,2019-08-13
Hypocolpus,6.65,93.83,2019-08-16
Pseudolambrus confragosus,6.65,93.83,2019-08-16
Pseudolambrus calappoides,6.65,93.83,2019-08-16
Monomia,22.49,68.19,2018-02-22
Calappa guerini,22.49,68.19,2018-02-22
Xiphonectes pulchricristatus,22.49,68.19,2018-02-22
Myra,22.49,68.19,2018-02-22
Tokoyo eburnea,15.68,72.95,2018-02-27
Charybdis (Archias) hoplites,15.68,72.95,2018-02-27
Monomia,15.68,72.95,2018-02-27
Homolax megalops,12.47,74.15,2013-08-24
Homolax megalops,11.15,92.33,2010-09-19
Homolax megalops,12.1,74.32,2013-08-26
Pleistacantha pungens,10.9,93.07,2010-09-15
Pleistacantha pungens,12.81,93.08,2010-09-17
Platymaia alcocki,12.81,93.08,2010-09-17
Calappa exanthematosa,11.18,74.98,2010-08-11
Calappa exanthematosa,9.98,75.59,2010-08-08
Lauridromia dehaani,9.7,76.01,2010-08-09
Homolodromia rajeevani,14.26,73.26,2010-10-15
Charybdis (Archias) omanensis septentrionalis,9.99,75.6,2011-08-10
Paromolopsis boasi,14.26,73.26,2010-10-15
Ethusina gracilipes,14.26,73.26,2010-10-15
Homolax megalops,17.05,83.3,2010-09-02
Singhaplax,8.44,93.59,2019-08-13
Parilia alcocki,13.2,80.58,2020-03-08
Parilia alcocki,13.47,80.54,2020-03-08
Encephaloides armstrongi,13.2,80.58,2020-03-08
Carcinoplax indica,12.1,74.32,2013-08-26
Retropluma notopus,10.57,80.43,2019-11-06
Eupasiphae latirostris,11.38,92.78,2015-01-16
Pasiphaea alcocki,8.39,93.34,2015-01-29
Acanthephyra carinata,8.48,93.43,2016-04-05
Acanthephyra carinata,6.84,93.05,2011-12-10
Acanthephyra eximia,11.36,92.8,2015-01-16
Acanthephyra eximia,11.38,92.78,2015-01-16
Acanthephyra fimbriata,11.16,92.39,2011-11-22
Acanthephyra fimbriata,11.36,92.8,2015-01-16
Acanthephyra fimbriata,10.73,80.64,2011-11-07
Acanthephyra fimbriata,6.83,93.76,2015-02-01
Acanthephyra fimbriata,7.5,93.42,2015-02-02
Acanthephyra carinata,8.52,93.02,2011-12-14
Acanthephyra fimbriata,7.52,93.4,2010-09-24
Acanthephyra fimbriata,6.84,93.05,2011-12-10
Acanthephyra eximia,8.52,93.02,2011-12-14
Oplophorus gracilirostris,11.58,93.19,2015-01-19
Oplophorus gracilirostris,10.8,92.74,2015-01-25
Oplophorus gracilirostris,12.81,93.08,2010-09-17
Acanthephyra fimbriata,8.52,93.02,2011-12-14
Nematocarcinus bituberculatus,11.35,92.39,2015-01-11
Nematocarcinus bituberculatus,7.5,93.42,2015-02-02
Nematocarcinus,11.19,92.34,2016-04-14
Heterocarpus sibogae,7.75,93.21,2011-12-13
Psalidopus huxleyi,13.27,93.26,2017-11-26
Chlorotocus crassicornis,11.21,92.36,2015-01-15
Heterocarpus chani,11.8,92.33,2015-01-14
Heterocarpus chani,11.21,92.36,2015-01-15
Heterocarpus chani,11.35,92.39,2015-01-11
Heterocarpus chani,9.98,75.59,2010-08-08
Heterocarpus chani,10.86,92.19,2015-01-26
Heterocarpus chani,9.65,92.65,2015-01-27
Heterocarpus chani,8.39,93.34,2015-01-29
Heterocarpus chani,6.83,93.76,2015-02-01
Heterocarpus chani,12.48,92.39,2016-04-04
Heterocarpus chani,8.48,93.43,2016-04-05
Heterocarpus chani,12.53,93.15,2016-04-10
Heterocarpus chani,12.74,93.11,2016-04-10
Heterocarpus chani,13.24,93.17,2016-04-11
Heterocarpus chani,12.14,93.19,2016-04-11
Heterocarpus chani,11.19,92.34,2016-04-14
Heterocarpus chani,12.49,93.18,2017-11-25
Heterocarpus sibogae,6.83,93.76,2015-02-01
Heterocarpus sibogae,9.6,92.73,2016-04-06
Psalidopus huxleyi,14.37,73.03,2018-04-09
Heterocarpus woodmasoni,12.53,93.15,2016-04-10
Heterocarpus chani,7.52,93.4,2010-09-24
Heterocarpus chani,6.84,93.05,2011-12-10
Plesionika semilaevis,7.5,93.42,2015-02-02
Eupasiphae gilesii,14.37,73.03,2018-04-09
Plesionika orientalis,7.75,93.21,2011-12-13
Plesionika orientalis,12.48,92.39,2016-04-04
Parapontocaris andamanensis,11.35,92.39,2015-01-11
Plesionika quasigrandis,11.8,92.33,2015-01-14
Plesionika quasigrandis,13.22,93.18,2011-11-27
Plesionika quasigrandis,12.53,93.15,2016-04-10
Plesionika quasigrandis,13.24,93.17,2016-04-11
Plesionika quasigrandis,9.98,75.59,2010-08-08
Heterocarpus chani,6.64,93.68,2010-09-24
Glyphocrangon smithii,9.65,92.65,2015-01-27
Glyphocrangon smithii,13.27,93.26,2017-11-26
Heterocarpus chani,13.22,93.18,2011-11-27
Heterocarpus chani,7.75,93.21,2011-12-13
Heterocarpus sibogae,6.64,93.68,2010-09-24
Heterocarpus chani,8.52,93.02,2011-12-14
Oplophorus gracilirostris,14.37,73.03,2018-04-09
Nematocarcinus,14.37,73.03,2018-04-09
Heterocarpus dorsalis,14.37,73.03,2018-04-09
Heterocarpus chani,11.16,92.39,2011-11-22
Plesionika,12.81,93.08,2010-09-17
Plesionika,7.53,93.65,2011-12-11
Psalidopus huxleyi,14.39,73.03,2018-02-28
Chlorotocoides spinicauda,10.72,92.71,2019-10-08
Pontocaris propensalata,9.96,75.59,2017-01-26
Pontocaris affinis affinis,13.02,74.02,2018-11-25
Parapontocaris aspera,9.27,92.67,2017-11-01
Parapontocaris andamanensis,13.03,92.17,2015-01-18
Parapontocaris bengalensis,11.03,80.26,2015-05-12
Glyphocrangon investigatoris,11.95,80.15,2019-11-29
Alpheus sp.,13.13,72.03,2017-02-04
Synalpheus neomeris,10.72,92.71,2019-10-08
Synalpheus trispinosus,6.8,93.69,2019-08-18
Synalpheus coutierei,8.01,93.28,2009-01-24
Procletes levicarina,15.47,73.07,2015-05-22
Spirula spirula,5.13,69.05,2015-09-11
Liocranchia reinhardtii,5.13,69.05,2015-09-11
Onychoteuthis banksii,5.13,69.05,2015-09-11
Sthenoteuthis oualaniensis,21.76,66.49,2016-01-25
Chiroteuthis picteti,21.76,66.49,2016-01-25
Abraliopsis (Micrabralia) lineata,21.76,66.49,2016-01-25
Histioteuthis miranda,10.43,72.28,2013-10-12
Sthenoteuthis oualaniensis,15.9,65.5,2016-02-10
Liocranchia reinhardtii,8.3,72.02,2015-09-08
Histioteuthis miranda,8.3,72.03,2015-09-09
Abralia (Heterabralia) andamanica,6.638333333,93.68466667,2010-09-24
Sthenoteuthis oualaniensis,-7.75,59.18,2015-10-08
Uroteuthis (Photololigo) duvaucelii,8.979166667,76.10194444,2015-04-11
Sthenoteuthis oualaniensis,-2.39,60.1,2015-10-12
Bathyteuthis bacidifera,-2.39,60.1,2015-10-12
Sepiella inermis,6.842777778,93.05305556,2011-10-12
Cistopus indicus,18.80635,85.3568,2011-10-29
Japetella diaphana,9.8,75.5,2015-08-01
Histioteuthis reversa,11.14866667,92.3275,2010-09-19
Sepia aculeata,6.638333333,93.68466667,2010-09-24
Uroteuthis (Photololigo) singhalensis,9.310983333,76.15416667,2013-12-13
Ancistrocheirus lesueurii,5.13,69.05,2015-09-11
Euprymna hyllebergi,7.752777778,93.21027778,2011-12-13
Histioteuthis reversa,11.12083333,74.92861111,2014-01-08
Histioteuthis reversa,8.29,76.21,2013-07-14
Histioteuthis sp,7.752777778,93.21027778,2011-12-13
Vampyroteuthis sp.,10.91828333,80.35865,2011-11-08
Megalocranchia abyssicola,5.13,69.05,2015-09-11
Histioteuthis meleagroteuthis,5.13,69.05,2015-09-11
Octopoteuthis sp.,7.752777778,93.21027778,2011-12-13
Ornithoteuthis volatilis,15.9,65.5,2016-02-10
Sepia pharaonis,19.47694444,85.60611111,2006-07-20
Histioteuthis reversa,7.486944444,93.41416667,2016-04-04
Cistopus sp.,9.310983333,76.15416667,2013-12-13
Ornithoteuthis volatilis,6.4,70.07,2015-09-10
Sepia pharaonis,9.310983333,76.15416667,2013-12-13
Uroteuthis (Photololigo) edulis,9.310983333,76.15416667,2013-12-13
Histioteuthis reversa,6.638333333,93.68466667,2010-09-24
Cistopus sp.,10.91828333,80.35865,2011-11-08
Cistopus sp.,11.91313333,80.14531667,2011-11-05
Liocranchia reinhardtii,11.14866667,92.3275,2010-09-19
Cistopus sp.,18.83051667,85.37693333,2011-10-30
Abralia (Heterabralia) andamanica,10.97,67.49,2016-01-21
Ancistrocheirus lesueurii,21.76,66.49,2016-01-25
Abralia (Heterabralia) andamanica,21.76,66.49,2016-01-25
Cistopus sp.,10.0,75.6,2011-08-10
Abralia (Heterabralia) andamanica,6.4,70.07,2015-09-10
Cistopus sp.,12.4695,74.152367,2013-08-24
Onychoteuthis banksii,6.4,70.07,2015-09-10
Ancistrocheirus lesueurii,18.83051667,85.37693333,2011-10-30
Histioteuthis sp.,6.4,70.07,2015-09-10
Onychoteuthis banksii,15.9,65.5,2016-02-10
Sthenoteuthis oualaniensis,6.4,70.07,2015-09-10
Chtenopteryx sicula,6.4,70.07,2015-09-10
Ancistrocheirus lesueurii,6.4,70.07,2015-09-10
Abralia (Heterabralia) andamanica,15.9,65.5,2016-02-10
Octopus sp.,10.9,67.5,2016-02-16
Octopus sp.,12.103683,74.319083,2013-08-26
Octopus sp.,6.67,93.65,2015-02-01
Sepia aculeata,6.67,93.65,2015-02-01
Sepiella inermis,6.638333333,93.68466667,2010-09-24
Ancistrocheirus lesueurii,10.9,80.3,2011-11-06
Octopus sp.,10.9,80.3,2011-11-06
Octopus sp.,10.0,75.6,2011-08-10
Sthenoteuthis oualaniensis,9.310983333,76.15416667,2013-12-13
Aristeus,11.15,92.33,2010-09-19
Aristaeopsis edwardsiana,8.39,93.34,2015-01-29
Aristaeopsis edwardsiana,8.48,93.43,2016-04-05
Solenocera hextii,9.98,75.59,2010-08-08
Aristeus alcocki,11.8,92.33,2015-01-14
Solenocera annectens,13.03,92.17,2015-01-18
Aristaeopsis edwardsiana,9.9,75.53,2010-08-08
Haliporus taprobanensis,9.9,75.53,2010-08-08
Aristaeopsis edwardsiana,10.68,92.31,2010-09-20
Aristaeopsis edwardsiana,8.52,93.02,2011-12-14
Aristeus alcocki,11.91,80.14,2011-11-09
Aristeus,8.39,93.34,2015-01-29
Metapenaeopsis coniger,9.74,75.62,2018-04-12
Metapenaeopsis aegyptia,6.8,93.69,2019-08-18
Parapenaeus fissurus,15.47,73.07,2015-05-22
Aristeus,12.48,92.39,2016-04-04
Metapenaeopsis barbata,10.79,80.11,2019-11-30
Aristeus,8.48,93.43,2016-04-05
Aristeus,7.75,93.21,2011-12-13
Solenocera,12.53,93.15,2016-04-10
Sergia laminata,11.38,92.78,2015-01-16
Metapenaeopsis stridulans,22.49,68.19,2018-02-22
Aristeus virilis,7.75,93.21,2011-12-13
Metapenaeopsis coniger,7.29,77.8,2019-12-03
Aristeus alcocki,11.19,92.34,2016-04-14
Solenocera hextii,20.3,69.39,2018-02-24
Aristeus alcocki,10.73,80.64,2011-11-07
Aristeus,11.16,92.39,2011-11-22
Solenocera hextii,13.22,93.18,2011-11-27
Metapenaeopsis hilarula,6.65,93.83,2019-08-16
Parapenaeus investigatoris,7.29,77.8,2019-12-03
Aristaeopsis edwardsiana,14.39,73.03,2018-02-28
Aristeus virilis,13.03,92.17,2015-01-18
Penaeopsis,13.22,93.18,2011-11-27
Solenocera,12.81,93.08,2010-09-17
Aristeus virilis,8.39,93.34,2015-01-29
Aristaeopsis edwardsiana,8.29,76.21,2013-07-14
Solenocera hextii,10.7,80.27,2020-03-06
Penaeus semisulcatus,22.49,68.19,2018-02-22
Metapenaeopsis gallensis,6.8,93.69,2019-08-18
Aristeus alcocki,11.95,80.15,2019-11-29
Metapenaeus monoceros,22.49,68.19,2018-02-22
Metapenaeopsis difficilis,10.71,93.22,2015-01-25
Aristeus,7.52,93.4,2010-09-24
Aristeus alcocki,15.76,72.63,2019-01-01
Trachysalambria aspera,8.55,78.33,2020-02-12
Parapenaeus investigatoris,10.86,92.19,2015-01-26
Aristaeopsis edwardsiana,14.37,73.03,2018-04-09
Penaeopsis rectacuta,11.8,92.33,2015-01-14
Pseudaristeus crassipes,14.37,73.03,2018-04-09
Hymenopenaeus equalis,14.37,73.03,2018-04-09
Sicyonia vitulans,6.65,93.83,2019-08-16
Penaeopsis rectacuta,11.21,92.36,2015-01-15
Penaeopsis rectacuta,11.36,92.8,2015-01-16
Penaeopsis rectacuta,13.03,92.17,2015-01-18
Penaeopsis rectacuta,8.48,93.43,2016-04-05
Penaeopsis rectacuta,12.53,93.15,2016-04-10
Sicyonia parajaponica,8.55,78.33,2020-02-12
Benthesicymus investigatoris,7.5,93.42,2015-02-02
Haliporus taprobanensis,13.27,93.26,2017-11-26
Ophiodaphne scripta,8.43,76.8,2010-11-20
Ophiomyces delata,11.25,92.45,2011-11-22
Astropecten polyacanthus,8.5,76.8,2011-09-06
Astropecten vappa,10.0,75.83,2014-12-13
Astropecten hemprichi,7.23,77.51,2009-08-18
Luidia hardwicki,7.81,77.49,2010-05-16
Luidia denudata,7.8,77.51,2013-09-08
Leptopentacta imbricata,8.5,76.8,2011-08-31
Johannaster superbus,7.79,76.46,2013-07-15
Ceramaster cuenoti,8.29,76.21,2012-10-19
Nymphaster moebii,7.79,76.46,2013-07-15
Heteronardoa carinata,9.94,75.85,2011-08-26
Goniodiscaster forficulatus,7.44,76.91,2013-12-08
Cnemidaster zea,8.29,76.21,2013-07-14
Zoroaster alfredi,7.79,76.46,2013-07-15
Zoroaster angulatus,9.9,75.52,2010-08-08
Brisinga insularum,7.79,76.46,2013-07-15
Amphioplus (Lymanella) depressus,9.97,75.83,2013-07-30
Amphipholis misera,8.5,76.8,2011-09-04
Amphiura (Amphiura) ambigua,7.47,77.52,2010-05-16
Amphiura (Amphiura) duncani,11.32,75.32,2012-02-22
Amphiura (Ophiopeltis) tenuis,8.06,77.5,2010-05-16
Amphiura (Fellaria) heptacantha,8.04,77.5,2010-05-16
Ophiosphaera insignis,7.99,77.18,2010-11-15
Ophiomoeris tenera,8.42,75.92,2013-12-11
Ophiochiton ambulator,8.42,75.92,2013-12-11
Ophiacantha dallasii,14.16,80.36,2009-05-13
Bathypectinura heros,9.9,75.52,2010-08-08
Ophiarachnella infernalis,8.25,76.95,2013-09-07
Ophioconis cupida,7.99,77.18,2010-11-15
Ophiocnemis marmorata,7.99,77.18,2010-11-15
Ophiopteron elegans,9.24,76.2,2013-12-13
Ophiothrix (Ophiothrix) aristulata,7.19,77.5,2015-05-30
Goniodiscaster forficulatus,8.48,76.48,2010-05-15
Ophiothrix (Acanthophiothrix) proteus,8.44,76.79,2011-08-30
Stereocidaris alcocki,8.53,76.0,2013-12-12
Histocidaris denticulata,8.53,76.0,2013-12-12
Paratrema doederleini,8.48,76.48,2010-05-15
Salmacis bicolor,8.51,76.84,2014-10-24
Echinolampas alexandri,8.51,76.73,2014-10-24
Stolus buccalis,8.5,76.8,2011-09-05
Thyone dura,8.5,76.8,2011-09-04
Molpadia musculus,8.42,75.92,2013-12-11
Benthodytes typica,7.79,76.46,2013-07-15
Luidia hardwicki,8.45,76.9,2011-08-30
Cenometra bella,7.81,77.49,2010-05-16
Himerometra robustipinna,7.99,77.61,2009-08-18
Teliocrinus springeri,11.01,80.3,2010-08-26
Echinoneus cyclostomus,7.81,77.49,2010-05-16
Dougaloplus echinatus,8.52,76.75,2013-07-16
Ophiacantha dallasii,8.14,77.16,2013-12-09
Ophiothrix (Ophiothrix) foveolata,8.14,77.16,2013-12-09
Amphiura (Amphiura) constricta,8.42,76.54,2011-08-30
Saracrinus angulatus,8.39,93.34,2015-01-29
Lovenia elongata,13.88,73.83,2013-08-15
Nacospatangus altus,7.79,77.5,2009-05-30
Stellaster childreni,8.03,77.0,2013-12-09
Luidia hardwicki,10.41,75.67,2013-07-08
Antedon parviflora,7.81,77.49,2010-05-16
Stellaster childreni,8.51,76.73,2014-10-24
Goniodiscaster forficulatus,8.51,76.73,2014-10-24
Clypeaster fervens,12.32,80.3,2010-05-25
Metrodira subulata,15.25,80.36,2010-05-26
Luidia maculata,11.77,79.92,2010-05-22
Amphioplus (Lymanella) depressus,7.81,77.49,2010-05-16
Clypeaster reticulatus,12.32,80.3,2010-05-25
Stolus buccalis,14.1,80.33,2010-05-25
Ophiuroglypha kinbergi,11.59,79.87,2010-05-22
Thyone dura,11.39,74.87,2014-10-09
Leptopentacta imbricata,9.97,75.83,2013-07-20
Astropecten polyacanthus,8.25,76.95,2013-09-07
Ceramaster cuenoti,8.41,75.88,2013-07-17
Ophiothrix (Acanthophiothrix) purpurea,8.04,77.5,2010-05-16
Ophiothrix (Ophiothrix) savignyi,8.04,77.5,2010-05-16
Sidonaster vaneyi,8.01,76.43,2013-12-10
Luidia hardwicki,15.25,80.36,2010-05-26
Ophioconis cupida,8.14,77.16,2013-12-09
Astropecten monacanthus,14.1,80.33,2010-05-25
Lovenia elongata,14.75,73.97,2013-08-18
Stereocidaris alcocki,8.25,76.95,2013-09-07
Ophiocreas sibogae,8.39,93.34,2015-01-29
Histocidaris denticulata,8.39,93.34,2015-01-29
Valvaster striatus,11.02323333,93.50011667,2017-11-18
Neoferdina offreti,11.02323333,93.50011667,2017-11-18
Phanogenia distincta,8.6544,93.12775,2017-11-15
Stephanometra indica,8.6544,93.12775,2017-11-15
Comanthus wahlbergii,8.6544,93.12775,2017-11-15
Eudiocrinus ornatus,8.6544,93.12775,2017-11-15
Comatella stelligera,9.30285,92.78748333,2017-11-16
Comanthus parvicirrus,9.30285,92.78748333,2017-11-16
Ophiotreta stimulea,15.55278333,72.6866,2018-01-17
Histampica duplicata,15.55278333,72.6866,2018-01-17
Ophiura (Dictenophiura) stellata,9.284316667,92.69623333,2017-11-17
Ophioleuce seminudum,13.31975,93.262,2017-11-26
Ophiernus adspersus adspersus,13.31975,93.262,2017-11-26
Ophiomoeris tenera,13.31975,93.262,2017-11-26
Ophiothrix (Ophiothrix) aristulata,13.31975,93.262,2017-11-26
Ophiopristis vestita,13.31975,93.262,2017-11-26
Ophiopteron elegans,9.30285,92.78748333,2017-11-16
Ophiacantha dallasii,9.30285,92.78748333,2017-11-16
Ophiacantha indica,9.30285,92.78748333,2017-11-16
Ophiomyxa australis,9.30285,92.78748333,2017-11-16
Ophiogymna elegans,9.30285,92.78748333,2017-11-16
Ophiothrix (Acanthophiothrix) purpurea,9.30285,92.78748333,2017-11-16
Ophiarachnella gorgonia,9.30285,92.78748333,2017-11-16
Ophionereis dubia dubia,9.334733333,92.74526667,2017-11-17
Bathypectinura heros,8.055166667,76.17883333,2017-10-25
Amphioplus (Unioplus) caulleryi,8.055166667,76.17883333,2017-10-25
Ophiarachnella gorgonia,9.022783333,92.7229,2017-11-16
Ophionereis dubia dubia,9.284283333,92.70066667,2011-12-06
Ophiothrix (Acanthophiothrix) proteus,10.6761,92.6811,2011-12-04
Ophiuroglypha kinbergi,10.58963333,80.19603333,2009-05-05
Amphioplus (Lymanella) andreae,11.7811,92.48431667,2011-11-23
Ophiozonella bispinosa,10.66858333,92.30031667,2011-11-21
Macrophiothrix propinqua,7.9973,93.63821667,2011-12-08
Ophiocentrus verticillatus,7.13165,93.53333333,2011-12-11
Ophiocentrus dilatata,9.284283333,92.70066667,2011-12-06
Macrophiothrix nereidina,9.284283333,92.70066667,2011-12-06
Ophiacantha dallasii,7.9973,93.63821667,2011-12-08
Ophiopsila pantherina,10.66858333,92.30031667,2011-11-21
Amphioplus (Amphioplus) personatus,11.23333333,92.43581667,2011-11-22
Amphipholis misera,7.044066667,93.94455,2011-12-09
Amphiodia frigida,15.72271667,72.66468333,2018-02-27
Bathypectinura heros,14.48373333,73.03798333,2018-02-28
Ophiomoeris tenera,14.48373333,73.03798333,2018-02-28
Ypsilothuria bitentaculata,9.4827,75.7062,2018-03-03
Asteronyx loveni,14.48373333,73.03798333,2018-02-28
Histampica duplicata,14.48373333,73.03798333,2018-02-28
Thalassometra,14.48373333,73.03798333,2018-02-28
Teliocrinus springeri,14.48373333,73.03798333,2018-02-28
Brissopsis oldhami,8.055166667,76.17883333,2017-10-25
Ophiochiton ambulator,8.32235,76.1752,2017-10-24
Sidonaster vaneyi,8.32235,76.1752,2017-10-24
Ophioplinthus inflata,8.281933333,76.51851667,2017-10-26
Zoroaster planus,8.358666667,76.23501667,2017-10-26
Astropecten polyacanthus,8.285566667,76.88213333,2017-10-27
Clypeaster fervens,8.285566667,76.88213333,2017-10-27
Maretia planulata,8.285566667,76.88213333,2017-10-27
Stellaster childreni,8.260883333,76.93693333,2017-10-27
Luidia hardwicki,8.260883333,76.93693333,2017-10-27
Salmacis bicolor,8.489183333,76.83491667,2017-10-28
Sculpsitechinus auritus,8.489183333,76.83491667,2017-10-28
Ophiosphalma familiare,14.46651667,73.02545,2018-04-09
Astroboa nuda,8.6544,93.12775,2017-11-15
Maretia planulata,8.489183333,76.83491667,2017-10-28
Gomophia egyptiaca,11.02323333,93.50011667,2017-11-18
Ophionereis porrecta,8.4397,93.5922,2019-08-13
Ophiopsammus yoldii,8.3651,93.5728,2019-08-13
Ophionereis porrecta,8.3651,93.5728,2019-08-13
Ophiocentrus dilatata,6.6473,93.8283,2019-08-16
Ophiogymna pellicula,6.7985,93.6922,2019-08-18
Ophiomaza cacaotica,6.6473,93.8283,2019-08-16
Teliocrinus springeri,14.46651667,73.02545,2018-04-09
Amphiura (Amphiura) dejectoides,10.51795833,80.25,2019-11-06
Ophialcaea tuberculosa,13.31975,93.262,2017-11-26
Astrothorax waitei,14.46651667,73.02545,2018-04-09
Ophiozonella,11.78586667,92.32592,2011-11-23
Schizaster gibberulus,14.74533333,80.21963,2019-11-10
Ophiopristis vestita,7.7114,93.3273,2011-12-13
Astroceramus fisheri,8.53,76.0,2013-12-12
Clypeaster fervens,8.32235,76.1752,2017-10-24
Saracrinus angulatus,8.40435,93.33438333,2016-04-05
Stereocidaris alcocki,6.670266667,93.65018333,2015-02-01
Ceramaster cuenoti,8.53,76.0,2013-12-12
Ophiopristis vestita,12.92466667,73.522,2019-09-30
Amphipholis misera,12.92466667,73.522,2019-09-30
Amphioplus dispar,10.65313,80.51911,2019-11-06
Ophiopristis vestita,17.10870667,83.29746167,2019-11-13
Ophiuroglypha kinbergi,8.500403333,76.424595,2020-02-15
Luidia hardwicki,8.500403333,76.424595,2020-02-15
Ophiacantha dallasii,8.500403333,76.424595,2020-02-15
Ophiuroglypha kinbergi,8.561276667,78.32686167,2020-02-12
Ophiacantha indica,8.561276667,78.32686167,2020-02-12
Ophiopsila pantherina,8.561276667,78.32686167,2020-02-12
Ophionereis dubia dubia,8.561276667,78.32686167,2020-02-12
Ophiarachnella gorgonia,8.561276667,78.32686167,2020-02-12
Ophiocentrus dilatata,8.561276667,78.32686167,2020-02-12
Ophiactis savignyi,8.561276667,78.32686167,2020-02-12
Phyllacanthus forcipulatus,7.013046667,77.31760833,2020-02-14
Ophiuroglypha kinbergi,8.31456,76.91399333,2020-02-15
Ophiuroglypha kinbergi,8.17604,76.71186,2020-02-15
Ophiuroglypha kinbergi,7.655415,77.653595,2020-02-14
Ophiacantha dallasii,7.655415,77.653595,2020-02-14
Amphioplus (Lymanella) depressus,7.655415,77.653595,2020-02-14
Ophiuroglypha kinbergi,7.966646667,77.65229667,2020-02-14
Ophiodaphne scripta,7.966646667,77.65229667,2020-02-14
Ophiothela mirabilis,7.966646667,77.65229667,2020-02-14
Ophiomastix elegans,8.533493333,78.38272833,2020-02-12
Brissopsis luzonica,8.533493333,78.38272833,2020-02-12
Ophiuroglypha kinbergi,6.96,93.6,2019-08-17
Dictenophiura stellata,6.96,93.6,2019-08-17
Ophiacantha dallasii,11.57,92.81,2019-08-09
Ophiopsammus yoldii,6.8,93.69,2019-08-18
Ophiothrix (Acanthophiothrix) purpurea,10.73,92.25,2019-08-11
Amphiura (Amphiura) duncani,8.37,93.57,2019-08-13
Amphipholis misera,12.831,93.058,2019-07-26
Amphioplus dispar,12.831,93.058,2019-07-26
Ophioplax custos,12.831,93.058,2019-07-26
Ophiozonella bispinosa,12.831,93.058,2019-07-26
Ophiacantha dallasii,12.831,93.058,2019-07-26
Ophiolipus granulatus,12.831,93.058,2019-07-26
Ophiothrix (Acanthophiothrix) purpurea,6.8,93.69,2019-08-18
Ophiothrix (Acanthophiothrix) purpurea,8.12,93.64,2019-08-13
Ophioplax custos,8.336833333,73.09016667,2014-10-16
Craspedometra acuticirra,8.12,93.64,2019-08-13
Stephanometra indica,8.3652,93.5728,2019-08-13
Stephanometra indica,10.72,92.71,2018-08-10
Comanthus parvicirrus,6.6473,93.8283,2019-08-16
Zygometra comata,6.6473,93.8283,2019-08-16
Colobometra discolor,6.6473,93.8283,2019-08-16
Comatula (Comatula) pectinata,6.6473,93.8283,2019-08-16
Glyptometra crassa,10.72,92.71,2018-08-10
Asthenosoma varium,10.72,92.71,2018-08-10
Maretia planulata,8.12,93.64,2019-08-13
Maretia planulata,7.13,93.58,2019-08-17
Luidia maculata,6.8,93.69,2019-08-18
Maretia planulata,8.3652,93.5728,2019-08-13
Pericosmus macronesius,8.3652,93.5728,2019-08-13
Salmacis bicolor,8.3652,93.5728,2019-08-13
Chaetodiadema granulatum,10.73,92.25,2019-08-11
Prionocidaris baculosa,8.4397,93.5922,2019-08-13
Ceramaster cuenoti,8.42,75.92,2013-12-11
Astropecten polyacanthus,6.6473,93.8283,2019-08-16
Mithrodia clavigera,6.6473,93.8283,2019-08-16
Astropecten andersoni,7.13,93.58,2019-08-17
Nardoa frianti,6.6473,93.8283,2019-08-16
Nardoa galathea,6.6473,93.8283,2019-08-16
Fromia monilis,6.6473,93.8283,2019-08-16
Euretaster cribrosus,10.72,92.71,2018-08-10
Metrodira subulata,10.72,92.71,2018-08-10
Stiremetra carinifera,12.48416667,92.39166667,2016-04-04
Dictyaster xenophilus,7.7114,93.3273,2011-12-13
Henricia praestans,7.7114,93.3273,2011-12-13
Centrostephanus nitidus,7.6504,93.37945,2015-02-03
Astroceramus fisheri,7.6504,93.37945,2015-02-03
Brisinga insularum,8.42,75.92,2013-12-11
Nymphaster moebii,8.39,93.34,2015-01-29
Ophiocreas sibogae,12.48416667,92.39166667,2016-04-04
Bathypectinura heros,14.46651667,73.02545,2018-04-09
Comatula (Comatula) pectinata,8.6544,93.12775,2017-11-15
Johannaster superbus,8.29,76.21,2012-10-19
Capillaster multiradiatus,10.6761,92.6811,2011-12-04
Ophiarachnella gorgonia,10.6761,92.6811,2011-12-04
Capillaster multiradiatus,9.284283333,92.70066667,2011-12-06
Capillaster multiradiatus,7.9973,93.63821667,2011-12-08
Dichrometra palmata,12.33691667,80.45791667,2010-05-23
Comanthus wahlbergii,6.4494,93.83158333,2011-12-10
Tamaria fusca,9.025933333,92.74336667,2017-11-15
Neoferdina offreti,6.514433333,93.77903333,2011-12-10
Bathypectinura heros,8.358666667,76.23501667,2017-10-26
Maretia planulata,8.260883333,76.93693333,2017-10-27
Salmacis bicolor,8.260883333,76.93693333,2017-10-27
Astropecten velitaris,8.260883333,76.93693333,2017-10-27
Protoreaster nodosus,8.260883333,76.93693333,2017-10-27
Stellaster childreni,8.489183333,76.83491667,2017-10-28
Luidia hardwicki,8.489183333,76.83491667,2017-10-28
Astropecten andersoni,15.69,72.95,2018-02-27
Ophiactis macrolepidota,7.59,93.37,2019-08-14
Johannaster superbus,13.31975,93.262,2017-11-26
Lithosoma pentaphylla,13.31975,93.262,2017-11-26
Asthenosoma varium,9.32141667,92.80415,2017-11-17
Histocidaris denticulata,7.52,93.4,2010-09-24
Phormosoma,11.34,92.81,2015-01-16
Leptopentacta imbricata,7.99,77.18,2010-11-15
Stereocidaris alcocki,8.316483333,93.32268333,2011-12-14
Protankyra denticulata,11.0689,80.39916667,2015-12-06
Nardoa,6.514433333,93.77903333,2011-12-10
Stereocidaris indica,6.651616667,93.6778,2011-12-10
Stereocidaris alcocki,7.389533333,93.394,2011-12-11
Neoferdina,8.316483333,93.32268333,2017-11-15
Saracrinus angulatus,8.316483333,93.32268333,2011-12-14
Histocidaris denticulata,8.316483333,93.32268333,2011-12-14
Astrodendrum laevigatum,8.39,93.34,2015-01-29
Histocidaris denticulata,13.31975,93.262,2017-11-26
Phormosoma,13.31975,93.262,2017-11-26
Histocidaris denticulata,13.31975,93.262,2017-11-29
Saracrinus angulatus,13.31975,93.262,2017-11-26
Ophiochiton ambulator,11.79815,92.0906167,2017-11-28
Psilaster agassizi,8.055166667,76.17883333,2017-10-25
Mediaster ornatus,7.52,93.4,2010-09-24
Acanthocidaris maculicollis,9.022783333,92.7229,2017-11-16
Ophiarachnella septimspinosa,6.514433333,93.77903333,2011-12-10
Bathypectinura heros,14.41882,73.0419383,2019-01-02
Ophiomyxa australis,9.284283333,92.70066667,2011-12-06
Ophiomyxa australis,6.514433333,93.77903333,2011-12-10
Histampica duplicata,15.7056017,72.662975,2019-01-01
Ophiotreta stimulea,15.7056017,72.662975,2019-01-01
Ophiotreta stimulea,12.7534167,74.0442283,2019-01-03
Amphiodia frigida,15.7056017,72.662975,2019-01-01
Ophiacantha indica,9.284283333,92.70066667,2011-12-06
Ophiacantha dallasii,9.284283333,92.70066667,2011-12-06
Ophioconis cupida,9.284283333,92.70066667,2011-12-06
Ophiopsila pantherina,12.93425,92.47403333,2011-11-25
Ophiactis,6.514433333,93.77903333,2011-12-10
Stereocidaris indica,13.31975,93.262,2017-11-26
Ophiomyxa bengalensis,11.55581667,92.7634,2017-11-24
Amphioplus (Lymanella) depressus,11.55581667,92.7634,2017-11-24
Ophiopsammus,6.4494,93.83158333,2011-12-10
Heterometra,7.13,93.58,2019-08-17
Amphiodia,11.36683333,74.898,2015-05-25
Goniocidaris,13.31975,93.262,2017-11-26
Ophidiaster,6.6473,93.8283,2019-08-16
Ceramaster cuenoti,10.91828333,80.35865,2011-11-08
Johannaster superbus,10.91828333,80.35865,2011-11-08
Lithosoma pentaphylla,10.91828333,80.35865,2011-11-08
Persephonaster,10.91828333,80.35865,2011-11-08
Persephonaster,11.79815,92.0906167,2017-11-28
Henricia praestans,11.79815,92.0906167,2017-11-28
Johannaster superbus,10.62351667,80.52433333,2011-11-07
Lithosoma pentaphylla,10.62351667,80.52433333,2011-11-07
Persephonaster,10.62351667,80.52433333,2011-11-07
Henricia praestans,10.62351667,80.52433333,2011-11-07
Pseudarchaster mozaicus,10.62351667,80.52433333,2011-11-07
Henricia praestans,13.31975,93.262,2017-11-26
Persephonaster,13.31975,93.262,2017-11-26
Zoroaster,13.31975,93.262,2017-11-26
Rosaster florifer,6.651616667,93.6778,2011-12-10
Phormosoma,6.651616667,93.6778,2011-12-10
Milteliphaster woodmasoni,6.651616667,93.6778,2011-12-10
Persephonaster,8.39,93.34,2015-01-29
Dictyaster xenophilus,12.79415,93.08953333,2015-01-18
Johannaster superbus,14.46651667,73.02545,2018-04-09
Ophiolepis rugosa,9.025933333,92.74336667,2017-11-15
Ophiochiton ambulator,10.69716667,80.47,2016-11-26
Ophiochiton ambulator,10.98816667,74.992,2005-04-15
Ophiothrix (Ophiothrix) aristulata,6.6477,93.6904,2010-09-24
Ophiothrix (Ophiothrix) aristulata,9.296033333,92.90903333,2015-01-28
Rosaster florifer,9.296033333,92.90903333,2015-01-28
Centrostephanus nitidus,9.296033333,92.90903333,2015-01-28
Stellaster childreni,7.790466667,77.51391667,2009-08-18
Clypeaster rarispinus,11.36,75.29,2015-05-25
Lovenia elongata,9.96,76.0,2015-05-26
Brissopsis luzonica,9.96,76.0,2015-05-26
Clypeaster rarispinus,12.83,74.51,2015-05-24
Clypeaster rarispinus,11.37,75.29,2015-08-13
Luidia hardwicki,11.37,75.29,2015-08-13
Astropecten,11.37,75.29,2015-08-13
Maretia planulata,7.79,77.5,2015-08-18
Salmacis virgulata,7.79,77.5,2015-08-18
Astropecten polyacanthus,7.79,77.5,2015-08-18
Clypeaster rarispinus,7.79,77.5,2015-08-18
Stellaster childreni,7.79,77.5,2015-08-18
Ophiuroglypha kinbergi,7.79,77.5,2015-08-18
Ophiopeza spinosa,12.00866667,92.25333333,2015-01-14
Ophioleuce seminudum,12.00866667,92.25333333,2015-01-14
Amphioplus (Lymanella) laevis,12.00866667,92.25333333,2015-01-14
Amphioplus dispar,10.55108333,80.55631667,2015-12-04
Bathyplotes natans,11.34,92.81,2015-01-16
Paelopatides incerta,11.34,92.81,2015-01-16
Protankyra,10.99321667,74.97571667,2015-06-19
Molpadia musculus,14.96135,72.76746667,2015-06-26
Pseudostichopus,9.270166667,92.6655,2017-11-01
Holothuria (Stauropora) fuscocineria,13.7652,72.18981667,2017-04-01
Pseudoboletia maculata,13.7652,72.18981667,2017-04-01
Echinothrix calamaris,13.7652,72.18981667,2017-04-01
Histocidaris denticulata,7.4855,93.40733333,2016-04-04
Araeosoma coriaceum indicum,7.4855,93.40733333,2016-04-04
Amphigymnas woodmasoni,11.351,92.38506667,2015-01-15
Molpadia musculus,11.351,92.38506667,2015-01-15
Molpadia concolor,11.351,92.38506667,2015-01-15
Stereocidaris alcocki,11.351,92.38506667,2015-01-15
Ophiactis,14.48373333,73.03798333,2018-02-28
Amphiophiura insolita,9.2215,92.67,2017-11-01
Rosaster florifer,9.2215,92.67,2017-11-01
Anthenoides cristatus,9.270166667,92.6655,2017-11-01
Rosaster florifer,9.270166667,92.6655,2017-11-01
Pillsburiaster doderleini,9.2215,92.67,2017-11-01
Astropecten griegi,9.270166667,92.6655,2017-11-01
Astropecten mauritianus,9.270166667,92.6655,2017-11-01
Luidia,9.270166667,92.6655,2017-11-01
Rosaster symbolicus,9.270166667,92.6655,2017-11-01
Phyllacanthus forcipulatus,12.832,74.3266,1999-10-19
Phyllacanthus forcipulatus,11.94033333,75.06683333,1999-10-18
Prionocidaris baculosa,10.72,92.71,2018-08-10
Clypeaster fervens,10.72,92.71,2018-08-10
Ophiopsammus yoldii,6.96,93.6,2019-08-17
Eudiocrinus ornatus,11.79063333,92.3611,2009-01-11
Schizaster gibberulus,15.25,80.36,2010-05-26
Brissopsis luzonica,15.25,80.36,2010-05-26
Persephonaster coelochilus,7.389533333,93.394,2011-12-11
Mediaster,7.389533333,93.394,2011-12-11
Ophidiaster,7.389533333,93.394,2011-12-11
Ochetostoma septemyotum,12.97,74.63,2013-08-14
Ochetostoma septemyotum,15.93,73.36,2018-01-16
Arhynchite,14.41,73.04,2019-01-02
Arhynchite,14.98,80.54,2019-11-11
Protobonellia,13.35,93.19,2019-07-27
Orbiraja powelli,9.992916667,75.59613333,2010-08-08
Neoepinnula orientalis,9.992916667,75.59613333,2010-08-08
Erythrocles schlegelii,9.992916667,75.59613333,2010-08-08
Chascanopsetta lugubris,9.992916667,75.59613333,2010-08-08
Chelidoperca investigatoris,9.992916667,75.59613333,2010-08-08
Chlorophthalmus corniger,9.992916667,75.59613333,2010-08-08
Satyrichthys laticeps,9.992916667,75.59613333,2010-08-08
Owstonia weberi,9.992916667,75.59613333,2010-08-08
Bathypterois atricolor,9.893333333,75.53166667,2010-08-08
Chelidoperca investigatoris,13.172,80.64983333,2010-08-29
Harpadon squamosus,17.05316667,83.29416667,2010-09-02
Heteropriacanthus cruentatus,13.028,93.09666667,2010-09-16
Erythrocles schlegelii,13.028,93.09666667,2010-09-17
Owstonia weberi,13.028,93.09666667,2010-09-18
Satyrichthys milleri,13.028,93.09666667,2010-09-19
Chlorophthalmus corniger,13.028,93.09666667,2010-09-20
Neoepinnula orientalis,13.028,93.09666667,2010-09-21
Chlorophthalmus corniger,12.81066667,93.08416667,2010-09-17
Physiculus natalensis,12.81066667,93.08416667,2010-09-17
Heteropriacanthus cruentatus,12.81066667,93.08416667,2010-09-17
Satyrichthys milleri,12.81066667,93.08416667,2010-09-17
Polymixia japonica,12.81066667,93.08416667,2010-09-17
Neoepinnula orientalis,6.842777778,93.05305556,2011-12-10
Tydemania navigatoris,12.81066667,93.08416667,2010-09-17
Neoepinnula orientalis,11.14866667,92.3275,2010-09-19
Heteropriacanthus cruentatus,11.14866667,92.3275,2010-09-19
Halimochirurgus centriscoides,6.638333333,93.68466667,2010-09-24
Satyrichthys laticeps,6.638333333,93.68466667,2010-09-24
Chascanopsetta lugubris,6.638333333,93.68466667,2010-09-24
Scalicus investigatoris,6.638333333,93.68466667,2010-09-24
Neoscopelus microchir,6.638333333,93.68466667,2010-09-24
Chimaera jordani,6.638333333,93.68466667,2010-09-24
Pycnocraspedum squamipinne,10.91828333,80.35865,2011-11-08
Chlorophthalmus nigromarginatus,13.22,93.18,2011-11-27
Chlorophthalmus corniger,6.842777778,93.05305556,2011-12-10
Monomitopus nigripinnis,7.752777778,93.21027778,2011-12-13
Erythrocles schlegelii,13.22,93.18,2011-11-27
Neoscopelus microchir,11.15916667,92.39166667,2011-11-22
Lophiodes mutilus,13.22,93.18,2011-11-27
Neoepinnula orientalis,11.15916667,92.39166667,2011-11-22
Chlorophthalmus corniger,13.22,93.18,2011-11-27
Ateleopus indicus,13.00166667,93.10972222,2011-11-28
Bembrops caudimacula,13.00166667,93.10972222,2011-11-28
Hypopleuron caninum,13.00166667,93.10972222,2011-11-28
Heteropriacanthus cruentatus,13.00166667,93.10972222,2011-11-28
Chlorophthalmus corniger,7.752777778,93.21027778,2011-12-13
Cyttopsis rosea,7.752777778,93.21027778,2011-12-13
Polymixia fusca,7.752777778,93.21027778,2011-12-13
Bembrops platyrhynchus,13.22,93.18,2011-11-27
Hypopleuron caninum,13.22,93.18,2011-11-27
Physiculus roseus,6.842777778,93.05305556,2011-12-10
Chascanopsetta lugubris,7.752777778,93.21027778,2011-12-13
Neoepinnula orientalis,7.752777778,93.21027778,2011-12-13
Alepocephalus bicolor,7.530555556,93.25305556,2011-12-11
Heteropriacanthus cruentatus,6.842777778,93.05305556,2011-12-10
Pterygotrigla hemisticta,6.842777778,93.05305556,2011-12-10
Neoepinnula orientalis,13.22,93.18,2011-11-27
Ruvettus pretiosus,11.15916667,92.39166667,2011-11-22
Synagrops japonicus,13.22,93.18,2011-11-27
Synagrops japonicus,7.530555556,93.25305556,2011-12-11
Bembrops platyrhynchus,6.842777778,93.05305556,2011-12-10
Chlorophthalmus nigromarginatus,6.842777778,93.05305556,2011-12-10
Neoepinnula orientalis,7.530555556,93.25305556,2011-12-11
Heteropriacanthus cruentatus,13.22,93.18,2011-11-27
Polymixia fusca,13.22,93.18,2011-11-27
Gephyroberyx darwinii,13.22,93.18,2011-11-27
Neoepinnula orientalis,8.5225,93.01805556,2011-12-14
Ostracoberyx dorygenys,8.5225,93.01805556,2011-12-14
Antigonia rubescens,6.842777778,93.05305556,2011-12-10
Pycnocraspedum armatum,10.91828333,80.35865,2011-11-08
Chlorophthalmus acutifrons,13.00166667,93.10972222,2011-11-28
Ostracoberyx dorygenys,13.00166667,93.10972222,2011-11-28
Aesopia cornuta,9.998916667,75.60143333,2011-10-08
Neoepinnula orientalis,11.99091667,74.42656667,2011-08-08
Erythrocles schlegelii,9.998916667,75.60143333,2011-10-08
Chascanopsetta lugubris,11.99091667,74.42656667,2011-08-08
Epinephelus diacanthus,9.998916667,75.60143333,2011-10-08
Sphyraena jello,9.998916667,75.60143333,2011-10-08
Bembrops caudimacula,9.998916667,75.60143333,2011-10-08
Mustelus manazo,9.998916667,75.60143333,2011-10-08
Psenopsis cyanea,9.998916667,75.60143333,2011-10-08
Saurida undosquamis,9.998916667,75.60143333,2011-10-08
Chelidoperca investigatoris,9.998916667,75.60143333,2011-10-08
Acropoma japonicum,9.998916667,75.60143333,2011-10-08
Chlorophthalmus acutifrons,9.998916667,75.60143333,2011-10-08
Cynoglossus attenuatus,9.998916667,75.60143333,2011-10-08
Lamprogrammus fragilis,18.83051667,85.37693333,2011-10-30
Psenopsis cyanea,11.9116,80.14415,2011-11-07
Pycnocraspedum armatum,11.9116,80.14415,2011-11-07
Dicrolene tristis,11.9116,80.14415,2011-11-07
Lamprogrammus fragilis,10.63406667,80.51726667,2011-11-09
Notacanthus indicus,11.9116,80.14415,2011-11-07
Dicrolene multifilis,18.83051667,85.37693333,2011-10-30
Monomitopus conjugator,10.91828333,80.35865,2011-11-08
Glyptophidium oceanium,11.91313333,80.14531667,2011-11-05
Harpadon nehereus,11.9116,80.14415,2011-11-07
Neoepinnula orientalis,11.91313333,80.14531667,2011-11-05
Psenopsis cyanea,11.91313333,80.14531667,2011-11-05
Pycnocraspedum squamipinne,18.83051667,85.37693333,2011-10-30
Diplacanthopoma brachysoma,10.91828333,80.35865,2011-11-08
Psenopsis cyanea,18.83051667,85.37693333,2011-10-30
Dicrolene multifilis,8.29,76.21,2013-07-14
Pycnocraspedum armatum,18.8406,85.38531667,2011-10-29
Lamprogrammus fragilis,11.91313333,80.14531667,2011-11-05
Dicrolene multifilis,11.91313333,80.14531667,2011-11-05
Lamprogrammus fragilis,13.18583333,80.647,2010-08-30
Polymixia fusca,11.9116,80.14415,2011-11-07
Physiculus roseus,11.91313333,80.14531667,2011-11-05
Bembrops platyrhynchus,13.00166667,93.10972222,2011-11-28
Parapercis sp.,7.752777778,93.21027778,2011-12-13
Neoscopelus microchir,7.752777778,93.21027778,2011-12-13
Nezumia proxima,9.893333333,75.53166667,2010-08-08
Coryphaenoides macrolophus,9.893333333,75.53166667,2010-08-08
Nezumia semiquincunciata,9.893333333,75.53166667,2010-08-08
Dicrolene vaillanti,11.0765,80.22533333,2010-08-27
Polymixia fusca,11.0765,80.22533333,2010-08-27
Ventrifossa macropogon,12.81066667,93.08416667,2010-09-17
Peristedion amblygenys,12.82666667,93.213,2010-09-17
Lophoides lugubris,11.14866667,92.3275,2010-09-19
Setarches longimanus,13.028,93.09666667,2010-09-18
Scalicus orientalis,12.81066667,93.08416667,2010-09-17
Mephisto fraserbrunneri,12.82666667,93.213,2010-09-17
Cyttopsis rosea,12.81066667,93.08416667,2010-09-17
Bathyclupea hoskynii,12.81066667,93.08416667,2010-09-17
Setarches guentheri,12.81066667,93.08416667,2010-09-17
Astronesthes lucifer,12.81066667,93.08416667,2010-09-17
Sphoeroides pachygaster,12.81066667,93.08416667,2010-09-17
Rexea prometheoides,11.14866667,92.3275,2010-09-19
Astronesthes lucifer,12.82666667,93.213,2010-09-17
Ateleopus indicus,12.81066667,93.08416667,2010-09-17
Coelorinchus smithi,12.82666667,93.213,2010-09-17
Acropoma japonicum,12.81066667,93.08416667,2010-09-17
Lophoides lugubris,12.81066667,93.08416667,2010-09-17
Halieutaea coccinea,12.82666667,93.213,2010-09-17
Pterygotrigla cajorarori,12.82666667,93.213,2010-09-17
Chlorophthalmus corniger,17.02933333,83.26283333,2010-09-02
Bathyclupea elongata,11.0765,80.22533333,2010-08-27
Ateleopus indicus,12.82666667,93.213,2010-09-17
Chlorophthalmus bicornis,6.638333333,93.68466667,2010-09-24
Xenocephalus cribratus,12.81066667,93.08416667,2010-09-17
Lophiodes mutilus,6.638333333,93.68466667,2010-09-24
Setarches longimanus,12.82666667,93.213,2010-09-17
Lampadena luminosa,11.14866667,92.3275,2010-09-19
Plectrogenium nanum,13.028,93.09666667,2010-09-18
Squalus megalops,6.638333333,93.68466667,2010-09-24
Chlorophthalmus nigromarginatus,11.14866667,92.3275,2010-09-19
Ectreposebastes imus,11.14866667,92.3275,2010-09-19
Satyrichthys milleri,6.638333333,93.68466667,2010-09-24
Synaphobranchus affinis,14.26805556,73.27694444,2010-10-15
Psenopsis anomala,12.81066667,93.08416667,2010-09-17
Physiculus natalensis,11.14866667,92.3275,2010-09-19
Mephisto fraserbrunneri,12.81066667,93.08416667,2010-09-17
Mephisto fraserbrunneri,6.638333333,93.68466667,2010-09-24
Tydemania navigatoris,13.028,93.09666667,2010-09-18
Satyrichthys milleri,12.82666667,93.213,2010-09-17
Scalicus orientalis,12.82666667,93.213,2010-09-17
Glyptophidium oceanium,6.638333333,93.68466667,2010-09-24
Chlorophthalmus agassizi,12.81066667,93.08416667,2010-09-17
Myctophum spinosum,6.638333333,93.68466667,2010-09-24
Myctophum sp.,11.14866667,92.3275,2010-09-19
Mephisto fraserbrunneri,13.028,93.09666667,2010-09-16
Halieutaea coccinea,12.81066667,93.08416667,2010-09-17
Macrorhamphosodes platycheilus,6.638333333,93.68466667,2010-09-24
Neoscopelus microchir,12.82666667,93.213,2010-09-17
Halicmetus ruber,14.26805556,73.27694444,2010-10-15
Neoepinnula orientalis,9.998916667,75.60143333,2011-08-10
Pleuroscopus sp.,11.99091667,74.42656667,2011-08-08
Holtbyrnia cyanocephala,14.26805556,73.27694444,2010-10-15
Chaunax apus,14.26805556,73.27694444,2010-10-15
Halosaurus carinicauda,14.26805556,73.27694444,2010-10-15
Avocettina paucipora,12.17635,74.33945,2012-08-22
Anoplogaster cornuta,12.17635,74.33945,2012-08-22
Chauliodus sloani,12.17635,74.33945,2012-08-22
Platytroctes mirus,12.17635,74.33945,2012-08-22
Nemichthys scolopaceus,12.17635,74.33945,2012-08-22
Alepocephalus blanfordii,12.17635,74.33945,2012-08-22
Neobythites multistriatus,13.22,93.18,2011-11-27
Oneirodes sanjeevani,0.878,67.598,2015-05-14
Chaunax multilepis,13.22,93.18,2011-11-27
Bufoceratias shaoi,7.78,76.45,2013-07-15
Diceratias trilobus,8.29,76.21,2013-07-14
Nettastoma solitarium,12.82666667,93.213,2010-09-17
Aphanopus microphthalmus,8.36,76.17,2010-10-12
Hydrolagus mirabilis,6.638333333,93.68466667,2010-09-24
Diaphus coeruleus,11.71,73.75,2013-10-13
Diaphus thiollieri,11.18,73.01,2013-10-11
Diaphus garmani,19.29,65.91,2013-02-20
Neenchelys sp.,8.34,76.41,2016-11-30
Ophichthus mccoskeri,6.64,93.68,2010-09-24
Ophichthus urolophus,8.99,75.92,2014-10-01
Pisodonophis cancrivorus,10.1,75.62,2010-10-14
Gymnothorax smithi,10.0,75.6,2011-10-08
Macrocephenchelys brevirostris,12.74,93.1,2016-10-04
Bathycongrus trimaculatus,14.13,93.19,2016-11-04
Benthosema fibulatum,11.01,73.09,2013-10-10
Benthosema pterotum,19.29,65.91,2013-02-20
Bolinichthys longipes,18.34,69.42,2016-01-22
Bolinichthys indicus,11.18,73.01,2013-10-11
Bolinichthys nikolayi,-0.73,68.06,2015-09-13
Bolinichthys pyrsobolus,-2.47,67.65,2015-09-14
Bolinichthys supralateralis,-2.47,67.65,2015-09-14
Ceratoscopelus warmingii,20.14,68.4,2016-01-23
Diaphus aliciae,9.01,73.11,2015-09-07
Diaphus antonbruuni,-4.5,60.76,2015-10-08
Diaphus arabicus,17.56,70.66,2016-01-21
Diaphus brachycephalus,-15.44,56.8,2015-10-04
Diaphus diadematus,5.11,69.06,2015-09-12
Diaphus diademophilus,-15.44,56.8,2015-10-04
Diaphus effulgens,-14.41,57.25,2015-10-05
Diaphus fulgens,-2.38,63.07,2015-10-09
Diaphus fragilis,6.46,70.04,2015-09-11
Diaphus garmani,21.75,66.49,2016-01-25
Diaphus jenseni,-2.47,67.65,2015-09-14
Diaphus lobatus,-2.38,63.07,2015-10-09
Diaphus lucidus,10.14,73.53,2013-10-12
Diaphus luetkeni,2.47,67.65,2015-09-14
Diaphus mollis,-15.44,56.8,2015-10-04
Diaphus parri,-5.46,65.88,2015-09-16
Diaphus perspicillatus,11.31,73.58,2013-10-13
Diaphus problematicus,-4.5,60.76,2015-10-06
Diaphus regani,9.85,58.6,2015-10-06
Diaphus similis,11.18,73.01,2013-10-11
Diaphus signatus,12.9,73.77,2013-10-14
Diaphus splendidus,-2.47,67.65,2015-09-14
Diaphus taaningi,7.72,59.15,2015-10-07
Diaphus theta,14.41,57.25,2015-10-05
Diaphus watasei,10.96,66.97,2014-03-13
Electrona risso,-7.72,59.15,2015-10-07
Hygophum hanseni,-1.68,63.63,2015-10-10
Hygophum proximum,18.34,69.42,2016-01-22
Nannobrachium achirus,-9.85,58.6,2015-10-06
Nannobrachium atrum,-0.73,68.06,2015-09-13
Lampanyctus festivus,-15.44,56.8,2015-10-04
Lampanyctus intricarius,-4.5,60.76,2015-10-08
Lampanyctus macdonaldi,-5.46,65.88,2015-09-16
Lampanyctus nobilis,-9.85,58.6,2015-10-06
Lampanyctus photonotus,-3.88,66.37,2015-09-15
Lampanyctus tenuiformis,-7.72,59.15,2015-10-07
Lampanyctus turneri,19.51,65.44,2016-02-08
Lampadena anomala,8.35,72.1,2015-09-08
Lampanyctus crocodilus,-15.44,56.8,2015-10-04
Lampadena luminosa,-2.38,63.07,2015-10-09
Lampadena urophaos,-3.88,66.37,2015-09-15
Myctophum asperum,-9.85,58.6,2015-10-06
Myctophum aurolaternatum,-9.85,58.6,2015-10-06
Myctophum nitidulum,-9.85,58.6,2015-10-06
Myctophum obtusirostre,-2.38,63.07,2015-10-09
Myctophum spinosum,8.14,76.25,2013-10-07
Symbolophorus evermanni,20.14,68.4,2016-01-23
Symbolophorus rufinus,-1.68,63.63,2015-10-10
Taaningichthys minimus,-2.38,63.07,2015-10-09
Diaphus sp.,10.14,73.53,2013-10-12
Diaphus nielseni,-9.85,58.6,2015-10-06
Diaphus adenomus,-9.85,58.6,2015-10-06
Scopelengys tristis,-9.85,58.6,2015-10-06
Neoscopelus microchir,11.28,92.38,2015-10-04
Diretmoides veriginae,11.4,92.318,2016-04-04
Owstonia kamoharai,13.12,93.19,2016-04-11
Woodsia nonsuchae,7.76,70.88,2015-09-09
Woodsia nonsuchae,8.09,71.88,2015-09-08
Woodsia nonsuchae,-7.75,59.18,2015-10-07
Bembradium magnoculum,9.66,92.73,2016-04-06
Photonectes,13.26,93.26,2017-11-26
Photonectes,11.15,92.39,2011-11-22
Photonectes,12.82,93.21,2010-09-17
Desmodema polystictum,13.26,93.26,2017-11-26
Chaunax penicillatus,6.1,93.1,2010-09-24
Chaunax penicillatus,6.842777778,93.05305556,2011-12-10
Borostomias elucens,-5.44,65.96,2015-09-16
Borostomias elucens,-3.88,66.46,2015-09-15
Borostomias elucens,-7.75,59.18,2015-10-07
Heterophotus ophistoma,0.79,67.98,2015-09-13
Melanostomias valdiviae,0.79,67.98,2015-09-13
Melanostomias valdiviae,8.67,75.97,2013-10-06
Melanostomias valdiviae,11.0,72.03,2013-10-10
Melanostomias valdiviae,8.03,76.35,2013-10-07
Melanostomias melanops,-5.44,65.96,2015-09-16
Echiostoma barbatum,-5.44,65.96,2015-09-16
Neonesthes capensis,0.79,67.98,2015-09-13
Margrethia obtusirostra,-7.75,59.18,2015-10-07
Margrethia obtusirostra,-1.69,63.66,2015-10-10
Photonectes margarita,-2.39,60.1,2015-10-09
Photonectes margarita,-15.4,56.76,2015-10-04
Idiacanthus fasciola,-4.51,60.78,2015-10-08
Idiacanthus fasciola,8.67,75.97,2013-10-06
Diplophos taenia,5.13,69.05,2015-09-12
Diplophos taenia,-2.39,60.1,2015-10-09
Diplophos taenia,7.76,70.87,2015-09-09
Diplophos taenia,-15.4,56.76,2015-10-04
Manducus greyae,5.13,69.05,2015-09-12
Aristostomias xenostoma,-4.51,60.78,2015-10-08
Aristostomias xenostoma,-3.88,66.46,2015-09-15
Aristostomias polydactylus,5.13,69.05,2015-09-12
Aristostomias polydactylus,5.52,70.81,2015-10-12
Aristostomias polydactylus,-14.4,57.25,2015-10-05
Pachystomias microdon,0.79,67.98,2015-09-13
Photostomias atrox,5.13,69.05,2015-09-12
Photostomias atrox,6.95,72.02,2015-10-13
Photostomias atrox,-4.51,60.78,2015-10-08
Photostomias atrox,-9.88,58.61,2015-10-06
Vinciguerria nimbaria,5.13,69.05,2015-09-12
Vinciguerria nimbaria,-9.88,58.61,2015-10-06
Vinciguerria nimbaria,-7.75,59.18,2015-10-07
Vinciguerria nimbaria,8.34,72.91,2015-09-08
Vinciguerria nimbaria,8.08,73.35,2015-10-14
Vinciguerria nimbaria,11.2,72.98,2013-10-11
Vinciguerria nimbaria,9.1,75.82,2013-10-08
Photonectes paxtoni,11.2,72.98,2013-10-11
Photonectes paxtoni,8.08,76.4,2013-10-07
Ichthyococcus parini,5.13,69.05,2015-09-12
Ichthyococcus parini,11.0,72.03,2013-10-10
Ichthyococcus parini,9.01,73.06,2015-09-07
Argyropelecus gigas,3.88,66.46,2015-09-15
Argyropelecus gigas,-7.75,59.18,2015-10-07
Argyropelecus affinis,0.79,67.98,2015-09-13
Argyropelecus affinis,9.01,73.06,2015-09-07
Argyropelecus affinis,8.66,74.16,2015-10-15
Argyropelecus affinis,-14.4,57.27,2015-10-05
Argyropelecus affinis,7.76,70.87,2015-09-09
Argyropelecus affinis,12.9,73.77,2013-10-14
Argyropelecus affinis,11.2,72.98,2013-10-11
Argyropelecus affinis,10.6,73.2,2013-10-12
Argyropelecus affinis,11.3,73.53,2012-10-13
Argyropelecus aculeatus,-14.4,57.27,2015-10-05
Argyropelecus aculeatus,-15.4,56.76,2015-10-04
Argyropelecus sladeni,-14.4,57.27,2015-10-05
Argyropelecus sladeni,-2.52,67.57,2015-09-14
Argyropelecus sladeni,8.66,74.16,2015-10-15
Argyropelecus sladeni,-7.75,59.18,2015-10-07
Argyropelecus sladeni,-15.4,56.76,2015-10-04
Sternoptyx obscura,-3.88,66.46,2015-09-15
Sternoptyx obscura,-5.44,65.96,2015-09-16
Sternoptyx obscura,5.13,69.05,2015-09-12
Sternoptyx obscura,-2.52,67.57,2015-09-14
Sternoptyx obscura,6.39,70.04,2015-09-11
Sternoptyx obscura,0.79,67.98,2015-09-13
Sternoptyx obscura,11.7,73.72,2013-10-13
Sternoptyx pseudobscura,-5.44,65.96,2015-09-16
Polyipnus limatulus,9.1,75.82,2013-10-08
Polyipnus limatulus,9.29,75.66,2014-11-02
Stomias affinis,8.67,75.97,2013-10-06
Sigmops elongatus,-4.51,60.78,2015-10-08
Sigmops elongatus,7.76,70.87,2015-09-09
Sigmops elongatus,-5.44,65.96,2015-09-16
Sigmops elongatus,8.08,71.87,2015-09-08
Sigmops elongatus,5.13,69.05,2015-09-12
Sigmops elongatus,8.08,76.4,2013-10-07
Sigmops elongatus,10.4,73.3,2013-10-12
Triplophos hemingi,11.0,72.03,2013-10-10
Triplophos hemingi,10.4,73.3,2013-10-12
Peristedion liorhynchus,8.35,76.23,2017-10-23
Halieutaea coccinea,8.29,76.21,2015-10-29
Antennarius hispidus,22.52,68.26,2018-02-22
Zenion hololepis,12.52595,93.1627,2017-11-25
Lophiodes triradiatus,8.35,76.23,2017-10-23
Lophiodes mutilus,10.91828333,80.35865,2011-11-08
Chaunax multilepis,11.93111111,92.28388889,2016-04-12
Chaunax apus,6.842777778,93.05305556,2011-12-10
Chaunax multilepis,11.91313333,80.14531667,2011-11-05
Malthopsis lutea,7.486944444,93.41416667,2016-04-04
Chaunax apus,12.14138889,93.19444444,2016-04-11
Halieutaea stellata,11.19305556,92.33833333,2016-04-14
Halicmetus ruber,9.048055556,75.53,2014-01-11
Chaunax apus,8.29,76.21,2015-10-29
Lophiodes gracilimanus,9.55,75.91,2015-02-10
Halieutaea coccinea,10.86,92.37,2015-01-26
Scalicus orientalis,12.49,93.17,2017-11-25
Chaunax apus,17.05316667,83.29416667,2010-02-09
Chaunax multilepis,13.03,93.1,2010-09-16
Ceratias uranoscopus,11.06,92.13,2015-01-16
Heminodus philippinus,6.63,93.69,2011-12-10
Bufoceratias thele,11.07,74.92,2014-01-08
Scalicus serrulatus,6.842777778,93.05305556,2011-12-10
Lophiomus setigerus,15.9803,72.8397,2018-11-24
Chaunax multilepis,12.14138889,93.19444444,2016-04-11
Satyrichthys milleri,11.82,92.19,2015-01-14
Cryptopsaras couesii,12.2,74.2,2012-08-22
Lophoides lugubris,12.74944444,93.10833333,2016-04-10
Chaunax apus,12.103683,74.319083,2013-08-26
Lophoides lugubris,13.23638889,93.17166667,2016-04-11
Chaunax multilepis,13.23638889,93.17166667,2016-04-11
Chaunax multilepis,12.74944444,93.10833333,2016-04-10
Halieutaea coccinea,13.23638889,93.17166667,2016-04-11
Plectrogenium nanum,12.52,93.16,2017-11-25
Plectrogenium nanum,12.5425,93.15333333,2016-04-10
Halieutaea indica,11.99,74.42,2011-08-08
Chaunax apus,7.486944444,93.41416667,2016-04-04
Lophiodes gracilimanus,7.486944444,93.41416667,2016-04-04
Chaunax multilepis,7.486944444,93.41416667,2016-04-04
Lophoides lugubris,6.63,93.69,2011-12-10
Lophoides lugubris,9.55,75.91,2015-02-10
Lophiomus setigerus,9.992916667,75.59613333,2010-08-08
Lophiodes mutilus,12.4695,74.152367,2013-08-24
Halieutaea coccinea,11.93111111,92.28388889,2016-04-12
Woodsia nonsuchae,-2.53,67.57,2015-09-14
Astronesthes indopacificus,8.08,75.99,2013-10-06
Astronesthes indopacificus,8.09,76.36,2013-10-07
Astronesthes indopacificus,11.02,73.07,2013-10-10
Astronesthes indopacificus,11.28,72.93,2013-10-11
Astronesthes indopacificus,10.4,73.3,2013-10-12
Astronesthes indopacificus,10.23,73.48,2013-10-12
Astronesthes indopacificus,11.72,73.73,2013-10-13
Astronesthes indopacificus,21.76,66.5,2016-01-25
Astronesthes indopacificus,13.03,65.53,2016-02-12
Astronesthes indopacificus,15.97,65.5,2016-02-10
Astronesthes formosanus,5.14,69.06,2015-09-12
Astronesthes formosanus,-0.79,67.98,2015-09-13
Lophiodes mutilus,9.570833333,75.90222222,2018-03-03
Lophoides lugubris,9.570833333,75.90222222,2018-03-03
Halieutaea coccinea,9.570833333,75.90222222,2018-03-03
Chaunax multilepis,9.55,75.91,2015-10-02
Lophiomus setigerus,9.998916667,75.60143333,2011-08-10
Scalicus serrulates,9.660833333,92.92194444,2016-04-06
Satyrichthys laticeps,9.998916667,75.60143333,2011-10-08
Chaunax apus,17.02933333,83.26283333,2010-09-02
Coelophrys micropa,8.29,76.21,2013-07-14
Chaunax apus,6.638333333,93.68466667,2010-09-24
Chaunax apus,17.16116667,83.431,2010-09-20
Chaunax multilepis,11.99091667,74.42656667,2011-08-08
Lophoides lugubris,13.03,93.1,2010-09-16
Satyrichthys milleri,13.03,93.1,2010-09-16
Chaunax multilepis,12.81066667,93.08416667,2010-09-17
Halieutaea coccinea,13.31888889,93.18888889,2015-01-18
Malthopsis lutea,13.31888889,93.18888889,2015-01-18
Satyrichthys milleri,13.22,93.18,2011-11-27
Halieutaea coccinea,6.829166667,93.75666667,2015-02-01
Bathysphyraenops radhae,-4.5,60.76,2015-10-10
Pseudohowella sp.,5.12,69.07,2015-09-11
Bathysphyraenops radhae,-0.83,67.94,2015-09-14
Howella brodiei,-4.5,60.76,2015-10-10
Howella brodiei,-0.83,67.94,2015-09-14
Howella brodiei,-3.86,66.51,2015-09-16
Bathysphyraenops sp.,11.8,73.65,2013-10-13
Bathysphyraenops sp.,9.72,75.52,2015-08-01
Bathophilus novicki,15.97,65.5,2016-02-10
Bathophilus novicki,21.76,66.5,2016-01-25
Bathophilus proximus,15.97,65.5,2016-02-10
Bathophilus proximus,21.76,66.5,2016-01-25
Bathophilus cwyanorum,21.76,66.5,2016-01-25
Bathophilus digitatus,21.76,66.5,2016-01-25
Bathophilus altipinnis,8.09,76.36,2013-10-07
Bathophilus altipinnis,10.4,73.3,2013-10-12
Astronesthes formosanus,8.34,72.91,2015-09-08
Photonectes barnetti,8.29,76.21,2013-07-14
Borostomias elucens,16.26,73.26,2010-10-15
Himantolophus kalami,13.26,93.26,2017-11-26
Chauliodus pammelas,8.3479,72.91483333,2015-09-08
Chauliodus pammelas,8.982866667,73.06236667,2015-09-07
Chauliodus pammelas,11.31366667,72.90923333,2013-10-11
Chauliodus pammelas,8.29,93.32,2017-11-15
Chauliodus pammelas,8.321,76.17,2017-10-24
Chauliodus sloani,-15.46681667,56.76911667,2015-10-04
Chauliodus sloani,-5.446966667,65.9638,2015-09-17
Astronesthes martensii,12.82,93.213,2010-09-17
Astronesthes martensii,12.78,93.08,2010-09-17
Astronesthes martensii,9.172933333,75.80181667,2013-10-08
Astronesthes martensii,9.39,75.91,2018-03-03
Astronesthes martensii,11.87,92.1,2017-11-28
Astronesthes indicus,8.722166667,75.96463333,2013-10-06
Astronesthes indicus,11.31366667,72.90923333,2013-10-11
Astronesthes indicus,-3.880916667,66.46091667,2015-09-16
Astronesthes quasiindicus,-5.446966667,65.9638,2015-09-17
Triplophos hemingi,11.14,92.32,2010-09-19
Scalicus orientalis,7.75,93.21,2011-12-13
Halieutopsis stellifera,7.53,93.65,2011-12-11
Grammatostomias dentatus,7.99,76.45,2013-12-10
Jorunna funebris,7.19,77.5,2015-05-30
Richtersia bathyalis,8.33683,73.09016667,2014-10-16
Richtersia,8.33683,73.09016667,2014-10-16
Spinonema gracilispiculum,8.28,76.24,2007-05-19
Spinonema absente,8.33683,73.09016667,2014-10-16
Prochaetosoma dokdoense,8.33683,73.09016667,2014-10-16
Draconema japonicum,8.33683,73.09016667,2014-10-16
Desmodora masira,8.33683,73.09016667,2014-10-16
Latronema whataiai,8.33683,73.09016667,2014-10-16
Rhips,8.33683,73.09016667,2014-10-16
Trochamus bulbosa,8.33683,73.09016667,2014-10-16
Tricoma brevirostris,8.33683,73.09016667,2014-10-16
Halanonchus,8.33683,73.09016667,2014-10-16
Paramicrolaimus spirulifer,8.33683,73.09016667,2014-10-16
Bathynox clavata,8.33683,73.09016667,2014-10-16
Aponema decraemerae,8.33683,73.09016667,2014-10-16
Pselionema simplex,8.33683,73.09016667,2014-10-16
Paramicrolaimus damodarani,11.75,74.7,2012-02-11
Scaptrella filicaudata,6.96,77.38,2004-05-14
Psammonema kuriani,15.54,73.1,2003-12-03
Chromadorella,8.336833333,73.09016667,2014-10-16
Paracyatholaimus,8.336833333,73.09016667,2014-10-16
Marylynnia,8.336833333,73.09016667,2014-10-16
Acantholaimus vermeuleni,8.336833333,73.09016667,2014-10-16
Viscosia,8.336833333,73.09016667,2014-10-16
Bathynox clavata,8.336833333,73.09016667,2014-10-16
Parabostrichus bathyalis,8.336833333,73.09016667,2014-10-16
Eubostrichus africanus,8.336833333,73.09016667,2014-10-16
Ceramonema,8.336833333,73.09016667,2014-10-16
Spirinia parasitifera,8.336833333,73.09016667,2014-10-16
Pselionema annulatum,8.336833333,73.09016667,2014-10-16
Morlaixia contusa,8.336833333,73.09016667,2014-10-16
Metadasynemella,8.336833333,73.09016667,2014-10-16
Rhynchonema hirsutum,8.336833333,73.09016667,2014-10-16
Polysigma,8.336833333,73.09016667,2014-10-16
Halalaimus abyssus,8.336833333,73.09016667,2014-10-16
Eudraconema,8.336833333,73.09016667,2014-10-16
Bolbolaimus,8.336833333,73.09016667,2014-10-16
Prochaetosoma dokdoense,8.336833333,73.09016667,2014-10-16
Molgolaimus abyssorum,8.336833333,73.09016667,2014-10-16
Siphonolaimus cobbi,8.336833333,73.09016667,2014-10-16
Paralongicyatholaimus,8.336833333,73.09016667,2014-10-16
Laimella longicauda,8.336833333,73.09016667,2014-10-16
Aponema decraemerae,8.336833333,73.09016667,2014-10-16
Desmodorella tenuispiculum,8.336833333,73.09016667,2014-10-16
Choanolaimus psammophilus,8.336833333,73.09016667,2014-10-16
Draconema Japonicum,8.336833333,73.09016667,2014-10-16
Innocuonema,8.336833333,73.09016667,2014-10-16
Endeolophos,8.336833333,73.09016667,2014-10-16
Microlaimus,8.336833333,73.09016667,2014-10-16
Microlaimus discolensis,8.336833333,73.09016667,2014-10-16
Synonchiella,15.25,72.48,
Paramicrolaimus damodarani,8.336833333,73.09016667,2014-10-16
Aponema abyssalis,8.336833333,73.09016667,2014-10-16
Gomphionema,8.336833333,73.09016667,2014-10-16
Phanoderma,8.336833333,73.09016667,2014-10-16
Desmolaimus greenpatchi,8.336833333,73.09016667,2014-10-16
Spinonema absente,8.336833333,73.09016667,2014-10-16
Croconema,8.336833333,73.09016667,2014-10-16
Syringolaimus annae,8.336833333,73.09016667,2014-10-16
Diplopeltoides linkei,8.336833333,73.09016667,2014-10-16
Trochamus bulbosa,8.336833333,73.09016667,2014-10-16
Metacomesoma,8.336833333,73.09016667,2014-10-16
Halalaimus,8.336833333,73.09016667,2014-10-16
Desmolaimus,8.336833333,73.09016667,2014-10-16
Sabatieria alata,8.336833333,73.09016667,2014-10-16
Dorylaimopsis,8.336833333,73.09016667,2014-10-16
Thalassolaimus,8.336833333,73.09016667,2014-10-16
Leptolaimus,8.336833333,73.09016667,2014-10-16
Polycheles typhlops,12.83,93.21,2010-09-17
Polycheles typhlops,8.36,76.17,2010-10-12
Polycheles typhlops,11.35,92.39,2015-01-11
Polycheles typhlops,13.03,92.17,2015-01-18
Polycheles typhlops,8.28,76.52,2017-10-26
Polycheles typhlops,8.24,76.49,2020-02-29
Stereomastis phosphorus,11.01,80.3,2010-08-26
Stereomastis phosphorus,14.26,73.26,2010-10-15
Stereomastis phosphorus,8.29,76.21,2013-07-14
Stereomastis phosphorus,11.36,92.79,2015-01-16
Stereomastis phosphorus,11.38,92.78,2015-01-16
Stereomastis phosphorus,13.27,93.26,2017-11-26
Stereomastis phosphorus,14.37,73.03,2018-04-09
Stereomastis phosphorus,8.24,76.49,2020-02-29
Stereomastis sculpta,8.29,76.21,2013-07-14
Stereomastis sculpta,8.01,76.43,2013-12-10
Stereomastis sculpta,8.08,76.12,2017-10-24
Polychelidae,11.38,92.78,2015-01-16
Pettibonella shompens,9.3,92.7,2009-01-09
Pettibonella shompens,9.28,92.7,2011-12-06
Armandia sampadae,11.47,92.72,2011-10-03
Armandia sampadae,13.52,92.78,2011-10-03
Piromis bifidus,17.12,83.36,2015-12-18
Leodamas latum,17.12,83.36,2015-12-18
Pisione africana,6.46,93.81,2011-12-10
Trichobranchus glacialis,13.41,93.15,2011-11-26
Magelona crenulifrons,13.42,93.17,2011-11-26
Micropodarke dubia,10.68,92.68,2011-11-21
Psamathe fusca,10.68,92.68,2011-11-21
Paraprionospio pinnata,12.93,93.01,2011-11-28
Jasmineira elegans,6.51,93.8,2011-12-10
Magelona papillicornis,13.42,93.17,2011-11-26
Schistomeringos rudolphi,13.42,93.19,2011-11-26
Linopherus paucibranchiata,11.7,92.8,2011-11-30
Exogone heterosetosa,13.42,93.17,2011-11-26
Linopherus microcephala,10.68,92.68,2011-11-21
Drilonereis falcata,13.42,93.17,2011-11-26
Scoloplos (Scoloplos) marsupialis,11.7,92.8,2011-11-30
Prosphaerosyllis semiverrucosa,13.41,93.15,2011-11-26
Heteromastus filiformis,12.5,93.04,2011-11-29
Paralacydonia paradoxa,10.68,92.68,2011-11-21
Pherusa saldanha,11.7,92.77,2011-11-30
Nothria conchylega,11.7,92.8,2011-11-30
Aricidea (Aricidea) curviseta,11.7,92.8,2011-11-30
Lumbrineris meteorana,11.7,92.77,2011-11-30
Paraehlersia ehlersiaeformis,13.42,93.17,2011-11-26
Chrysopetalum occidentale,8.0,93.64,2011-12-08
Poecilochaetus serpens,10.67,92.74,2011-11-21
Eurysyllis tuberculata,13.41,93.15,2011-11-26
Opisthodonta longocirrata,13.41,93.15,2011-11-26
Chone filicaudata,12.5,93.04,2011-11-29
Mediomastus capensis,12.93,93.01,2011-11-28
Aglaophamus dibranchis,11.7,92.77,2011-11-30
Cirrophorus branchiatus,13.41,93.15,2011-11-26
Spiophanes bombyx,8.0,93.25,2011-12-07
Phyllodoce longipes,13.42,93.19,2011-11-26
Scyphoproctus armatus,12.93,93.01,2011-11-28
Kirkegaardia dorsobranchialis,11.47,92.72,2011-10-03
Opisthosyllis brunnea,12.93,93.01,2011-11-28
Caulleryaspis laevis,11.7,92.8,2011-11-30
Amphicteis gunneri,9.28,92.7,2011-12-05
Magelona cincta,11.7,92.8,2011-11-30
Aricidea (Acmira) lopezi,11.47,92.75,2011-10-03
Syllis cornuta,11.7,92.77,2011-11-30
Goniada tridens,10.68,92.68,2011-11-21
Ampharete agulhasensis,10.67,92.74,2011-11-21
Glycera alba,12.93,93.07,2011-11-28
Chloeia inermis,13.42,93.19,2011-11-26
Phyllodoce fristedti,13.42,93.17,2011-11-26
Paradoneis lyra capensis,13.42,93.17,2011-11-28
Magelona mahensis,11.47,92.74,2011-10-03
Notomastus aberans,12.93,93.01,2011-11-28
Leitoscoloplos kerguelensis,12.5,93.04,2011-11-29
Aglaophamus verrilli,11.47,92.72,2011-10-03
Glycera oxycephala,11.7,92.8,2011-11-30
Syllidia armata,11.47,92.72,2011-10-03
Levinsenia oculata,11.7,92.77,2011-11-30
Spiophanes duplex,12.93,92.47,2011-11-25
Goniada maculata,12.93,93.01,2011-11-28
Onuphis holobranchiata,7.0,93.96,2011-12-11
Schistomeringos neglecta,12.92,93.02,2011-11-28
Protodorvillea egena,12.92,93.02,2011-11-28
Pherusa tropica,12.5,93.04,2011-11-29
Phyllodoce (Anaitis) capensis,10.68,92.68,2011-11-21
Kirkegaardia annulosa,11.69,92.82,2011-11-30
Paraehlersia ferrugina,11.69,92.82,2011-11-30
Pista unibranchia,13.42,93.19,2011-11-26
Notomastus latericeus,13.42,93.17,2011-11-26
Pista cristata,11.7,92.8,2011-11-30
Euchone rosea,7.04,93.95,2011-12-11
Goniada emerita,12.49,93.11,2011-11-29
Glycinde kameruniana,11.7,92.8,2011-11-30
Kuwaita heteropoda,10.67,92.74,2011-11-21
Eulalia magalaensis,10.67,92.74,2011-11-21
Cossura coasta,12.5,93.04,2011-11-29
Caulleriella bioculata,12.93,93.01,2011-11-28
Onuphis geophiliformis,9.3,92.87,2011-12-05
Glycera papillosa,13.42,93.19,2011-11-26
Aricidea (Acmira) cerrutii,10.67,92.73,2011-11-21
Glycera lapidum,10.67,92.73,2011-11-21
Euphrosine myrtosa,11.7,92.77,2011-11-30
Goniadides carolinae,12.92,93.02,2011-11-28
Glycera tesselata,11.47,92.74,2011-10-03
Magelona minuta,13.42,93.17,2011-11-26
Sigambra tentaculata,11.47,92.72,2011-10-03
Sigambra parva,10.67,92.73,2011-11-21
Micronephthys sphaerocirrata,11.47,92.72,2011-10-03
Leodamas johnstonei,11.7,92.77,2011-11-30
Pista australis,11.7,92.8,2011-11-30
Sphaerosyllis georgeharrisoni,12.5,93.04,2011-11-29
Magelona cepiceps,11.47,92.74,2011-10-03
Diplocirrus erythroporus,11.47,92.72,2011-10-03
Glycera natalensis,10.67,92.3,2011-11-21
Podarkeopsis capensis,8.0,93.29,2011-12-07
Chone letterstedti,9.3,92.87,2011-12-05
Ninoe lagosiana,9.29,92.67,2011-12-05
Hyalinoecia tubicola,10.67,92.3,2011-11-21
Diopatra neapolitana capensis,13.52,92.78,2011-11-25
Onuphis eremita,10.66,92.2,2011-11-21
Loimia medusa,12.25,92.31,2011-11-23
Notaulax phaeotaenia,10.67,92.23,2011-11-21
Leocrates claparedii,8.0,93.29,2011-12-07
Streblosoma persica,12.93,92.4,2011-11-25
Armandia simodaensis,11.79,92.37,2011-11-23
Glycera subaenea,11.25,92.45,2012-11-22
Marphysa sanguinea,10.66,92.2,2011-11-21
Ophelia agulhana,9.28,92.7,2011-12-05
Pherusa tropica,10.67,92.3,2011-11-21
Owenia fusiformis,12.93,92.47,2011-11-25
Pherusa laevis,13.53,92.62,2011-11-25
Ampharete luederitzi,11.25,92.44,2011-11-22
Arabella iricolor,12.25,92.3,2011-11-23
Ophelina acuminata,9.3,92.79,2011-12-05
Paucibranchia adenensis,10.68,92.68,2011-11-21
Samythella affinis,13.52,92.78,2011-11-25
Ophioglycera longicirrata,13.52,92.78,2011-11-25
Ophelia roscoffensis,9.3,92.79,2011-12-05
Potamilla leptochaeta,11.78,92.48,2011-11-23
Leiochrides africanus,10.67,92.23,2011-11-21
Phyllodoce malmgreni,12.93,92.58,2011-11-25
Glycera lancadivae,9.3,92.82,2011-12-05
Lumbriclymene cylindricauda,7.13,93.52,2011-12-11
Armandia melanura,9.3,92.79,2011-12-05
Maldanella capensis,11.78,92.48,2011-11-23
Paleanotus chrysolepis,10.67,92.23,2011-11-21
Pseudopotamilla saxicava,11.79,92.33,2011-11-23
Leodamas johnstonei,9.3,92.87,2011-12-05
Eurythoe matthaii,11.25,92.73,2009-01-17
Aricidea (Aricidea) capensis,12.5,93.04,2011-11-29
Aricidea (Aricidea) longicirrata,11.7,92.77,2011-11-30
Euclymene oerstedii,11.25,92.44,2012-11-22
Glycera tridactyla,10.67,92.23,2011-11-21
Magelona cincta,11.7,92.77,2011-11-30
Eunice filamentosa,9.3,92.82,2011-12-05
Glycinde capensis,11.78,92.48,2011-11-23
Eunice vittata,12.93,92.4,2011-11-25
Euclymene luderitziana,12.93,92.47,2011-11-25
Owenia fusiformis,10.67,92.23,2011-11-21
Capitella capitata,13.53,92.65,2011-11-25
Prionospio ehlersi,10.66,92.2,2011-11-21
Aonidella cirrobranchiata,11.79,92.37,2011-11-23
Prionospio cirrifera,11.25,92.73,2009-01-17
Prionospio neenae,10.66,92.2,2011-11-21
Prionospio polybranchiata,11.7,92.8,2011-11-30
Malacoceros indicus,9.29,92.67,2011-12-05
Laonice cirrata,9.29,92.67,2011-12-05
Aricidea (Strelzovia) belgicae,11.24,92.44,2011-11-22
Orbinia monroi,12.93,92.47,2011-11-25
Syllis hyalina,7.13,93.53,2011-12-11
Haplosyllis spongicola,10.68,92.68,2011-11-21
Aricidea (Acmira) simplex,7.13,93.55,2011-12-11
Euchone capensis,7.13,93.52,2011-12-11
Aonides oxycephala,12.93,92.4,2011-11-25
Chaetozone setosa,9.3,92.82,2011-12-05
Aphelochaeta filibranchia,13.35,93.18,2009-01-14
Scolelepis (Scolelepis) squamata,7.13,93.52,2011-12-11
Glycera benguellana,12.93,92.58,2011-11-25
Cirratulus africanus,10.67,92.23,2011-11-21
Prionospio nielseni,10.67,92.23,2011-11-21
Prionospio andamanensis,9.3,92.82,2011-12-05
Prionospio phuketensis,10.67,92.3,2011-11-21
Nereis jacksoni,12.93,92.58,2011-11-25
Aricidea (Acmira) catherinae,12.93,92.58,2011-11-25
Aricidea (Aricidea) curviseta,11.25,92.44,2012-11-22
Caulleriella capensis,12.25,92.35,2011-11-23
Scoloplos (Scoloplos) marsupialis,12.93,92.47,2011-11-25
Aricidea (Acmira) lopezi,11.7,92.77,2011-11-30
Terebellides stroemii,13.42,93.17,2011-11-26
Linopherus microcephala,11.25,92.45,2012-11-22
Eunice indica,12.93,92.47,2011-11-25
Chrysopetalum maculatum,11.47,92.74,2011-10-03
Lumbrineris latreilli,13.52,92.78,2011-11-25
Aglaophamus dibranchis,11.79,92.33,2011-11-23
Opisthosyllis brunnea,12.92,93.02,2011-11-28
Paraehlersia ferrugina,13.53,92.62,2011-11-25
Samythella affinis,10.66,92.2,2011-11-21
Goniada maculata,10.66,92.2,2011-11-21
Terebellides stroemii,12.25,92.35,2011-11-23
Paraehlersia ferrugina,11.25,92.44,2012-11-22
Mysta siphodonta,13.52,92.78,2011-11-25
Onuphis holobranchiata,11.25,92.45,2012-11-22
Linopherus paucibranchiata,11.69,92.82,2011-11-30
Notomastus aberans,11.79,92.33,2011-11-23
Glycera benguellana,10.67,92.3,2011-11-21
Goniada maculata,9.29,92.67,2011-12-05
Levinsenia oculata,13.35,93.18,2009-01-14
Phyllodoce malmgreni,11.7,92.77,2011-11-30
Linopherus microcephala,10.67,92.3,2012-11-22
Syllis cornuta,7.13,93.52,2011-12-11
Ampharete kerguelensis,12.26,93.16,2009-01-15
Glycera natalensis,10.67,92.3,2012-11-22
Aricidea longobranchiata,12.93,92.47,2011-11-25
Phyllodoce malmgreni,9.28,92.7,2011-12-05
Spiophanes duplex,10.67,92.23,2012-11-22
Goniada maculata,11.79,92.37,2011-11-23
Aglaophamus dibranchis,10.67,92.3,2011-11-21
Glycera papillosa,12.26,93.19,2011-11-25
Cossura coasta,13.52,92.78,2011-11-25
Chone filicaudata,13.53,92.65,2011-11-25
Scyphoproctus armatus,13.35,93.18,2009-01-14
Glycera papillosa,10.67,92.3,2011-11-21
Prionospio atrovitta,12.25,92.35,2009-01-11
Prionospio atrovitta,11.47,92.72,2011-10-03
Prionospio atrovitta,13.41,93.15,2011-11-26
Prionospio atrovitta,9.3,92.7,2009-01-23
Prionospio atrovitta,10.68,92.31,2009-01-10
Prionospio atrovitta,11.8,92.4,2009-01-11
Prionospio atrovitta,13.35,93.15,2009-01-14
Prionospio atrovitta,12.66,92.56,2011-11-25
Prionospio atrovitta,11.7,92.77,2011-11-30
Prionospio atrovitta,6.51,93.8,2011-12-10
Prionospio atrovitta,11.47,92.74,2017-11-10
Prionospio andamanensis,13.41,93.15,2011-11-26
Prionospio bocki,10.68,92.68,2011-11-21
Prionospio henriki,13.42,93.17,2011-11-26
Prionospio komaeti,11.25,92.44,2011-11-22
Prionospio neenae,11.47,92.72,2011-10-03
Prionospio nielseni,11.7,92.8,2011-11-30
Prionospio phuketensis,13.41,93.15,2011-11-26
Prionospio cornuta,8.0,93.64,2011-12-08
Hyalinoecia tubicola,14.48,73.04,2018-02-28
Hyalinoecia tubicola,14.96,72.77,2015-06-26
Rhamphobrachium diversosetosum,10.0,75.55,2016-09-05
Polyodontes maxillosus,18.0,84.22,2008-12-09
Polyodontes maxillosus,17.1,82.64,2008-12-10
Polyodontes maxillosus,17.0,82.63,2008-12-10
Polyodontes maxillosus,11.96,74.69,2011-08-08
Polyodontes maxillosus,15.49,73.06,2015-05-22
Polyodontes maxillosus,22.35,68.06,2018-02-22
Euthalenessa festiva,13.77,72.19,2017-04-01
Iphione muricata,8.55,78.33,2020-12-02
Sigalion mathildae,8.53,78.38,2020-12-02
Pholoe glabra,8.53,78.38,2020-12-02
Pholoe glabra,7.97,77.65,2020-02-14
Aphrogenia alba,8.53,78.38,2020-12-02
Euthalenessa digitata,7.97,77.65,2020-02-14
Ehlersileanira incisa,9.9,75.52,2010-08-08
Pholoides brasiliensis,11.75,74.68,2012-02-23
Harmothoe antilopes,14.12,74.07,2012-02-25
Harmothoe antilopes,9.77,75.71,2012-02-27
Harmothoe antilopes,8.5,76.42,2020-02-15
Eupanthalis,11.39,74.87,2014-10-09
Gaudichaudius cimex,8.46,76.77,2010-11-16
Gaudichaudius cimex,8.53,76.79,2013-07-16
Acoetes,11.57,92.81,2019-08-09
Euarche,10.69,92.22,2017-10-01
Euarche,9.28,92.69,2017-11-17
Eupanthalis,12.93,92.47,2011-11-25
Eupanthalis,11.56,92.76,2017-11-24
Polyodontes,10.68,92.2,2009-01-10
Polyodontes,10.69,92.22,2017-10-01
Polyodontes,10.73,92.25,2019-08-11
Zachsiella,10.68,92.31,2009-01-10
Zachsiella,11.7,92.77,2011-11-30
Aphrodita,6.96,93.6,2019-08-17
Aphrodita,9.22,92.67,2017-11-01
Aphrogenia,12.25,92.35,2011-11-24
Laetmonice,9.28,92.7,2011-12-06
Laetmonice,9.3,92.79,2017-11-16
Laetmonice,8.01,93.28,2009-01-24
Laetmonice,11.79,92.36,2009-01-11
Laetmonice,12.93,93.01,2011-11-28
Pontogenia,10.72,92.71,2019-08-10
Pontogenia,6.65,93.83,2019-08-16
Pareulepis,13.53,92.77,2009-01-13
Pareulepis,12.93,92.47,2011-11-25
Pareulepis,13.41,93.15,2011-11-26
Pareulepis,11.47,92.72,2011-10-03
Drieschia,13.53,92.77,2009-01-13
Drieschia,11.25,92.45,2011-11-22
Gaudichaudius,11.25,92.45,2011-11-22
Hermenia,11.8,92.4,2009-01-11
Hermenia,10.72,92.71,2019-08-10
Hermenia,6.65,93.83,2019-08-16
Lepidonotus,11.25,92.45,2009-01-11
Lepidonotus,10.68,92.7,2009-01-16
Lepidonotus,10.68,92.68,2011-12-04
Lepidonotus,7.02,93.53,2009-01-26
Lepidonotus,7.13,93.55,2011-12-11
Malmgreniella,11.79,92.36,2009-01-11
Euthalenessa,9.62,92.73,2017-11-17
Euthalenessa,12.23,92.28,2009-01-11
Euthalenessa,12.25,92.35,2011-11-24
Euthalenessa,12.93,92.58,2011-11-25
Euthalenessa,9.3,92.7,2009-01-23
Euthalenessa,9.3,92.82,2011-12-05
Euthalenessa,9.28,92.7,2011-12-06
Euthalenessa,9.03,92.74,2017-11-16
Euthalenessa,9.32,92.8,2017-11-17
Euthalenessa,9.33,92.75,2017-11-17
Euthalenessa,9.28,92.69,2017-11-17
Euthalenessa,7.13,93.55,2011-12-11
Fimbriosthenelais,9.31,92.78,2009-01-22
Fimbriosthenelais,9.03,92.74,2017-11-16
Fimbriosthenelais,9.3,92.79,2017-11-16
Hartmanipsammolyce,9.3,92.82,2011-11-30
Hartmanipsammolyce,7.04,93.95,2011-12-09
Hartmanipsammolyce,7.13,93.53,2011-12-11
Leanira,10.75,92.12,2019-08-11
Pelogenia,10.68,92.7,2009-01-16
Pelogenia,11.25,92.45,2011-11-22
Pelogenia,12.25,92.35,2009-01-11
Pelogenia,12.66,92.56,2011-11-24
Pelogenia,9.31,92.78,2009-01-22
Pelogenia,9.3,92.7,2009-01-23
Pelogenia,7.03,93.54,2009-01-26
Pelogenia,10.68,92.31,2009-01-10
Pelogenia,7.13,93.55,2011-12-11
Pelogenia,6.65,93.83,2019-08-16
Pelogenia,9.03,92.74,2017-11-16
Pholoe,10.67,92.3,2011-11-21
Pholoe,11.47,92.72,2011-10-03
Pholoe,12.93,93.01,2011-11-28
Pholoe,11.25,92.45,2011-11-22
Pholoe,9.31,92.78,2009-01-22
Pholoe,9.29,92.87,2009-01-22
Pholoe,9.3,92.68,2009-01-23
Pholoe,9.28,92.7,2011-12-06
Pholoe,9.33,92.75,2017-11-17
Pholoe,8.0,93.26,2009-01-24
Pholoe,8.0,93.25,2011-12-07
Pholoides,12.23,92.28,2009-01-11
Pholoides,12.26,93.19,2009-01-15
Pholoides,12.59,92.32,2017-07-23
Pholoides,9.3,92.7,2009-01-15
Pholoides,8.0,93.65,2011-12-08
Pholoides,6.51,93.8,2011-12-10
Pholoides,6.51,93.77,2017-11-13
Pisione,9.3,92.79,2011-12-05
Pisione,8.0,93.65,2011-12-08
Pisione,7.13,93.55,2011-12-11
Pisione,9.33,92.75,2017-11-17
Pisione,6.46,93.81,2011-12-10
Pisione,6.51,93.8,2011-12-10
Pisione,9.3,92.87,2011-12-05
Pisione,8.0,93.64,2011-12-08
Pisione,9.62,92.73,2017-11-17
Sigalion,10.68,92.68,2011-12-04
Sigalion,7.03,93.54,2009-01-26
Sthenelais,10.68,92.23,2009-01-10
Sthenelais,11.79,92.36,2009-01-11
Sthenelais,11.76,92.83,2009-01-17
Sthenelais,11.25,92.44,2011-11-22
Sthenelais,12.66,92.56,2011-11-24
Sthenelais,12.93,93.01,2011-11-28
Sthenelais,11.47,92.72,2011-11-03
Sthenelais,9.31,92.78,2009-01-22
Sthenelais,8.0,93.25,2011-12-07
Sthenelais,7.04,93.95,2011-12-09
Sthenelanella,10.68,92.7,2009-01-16
Sthenelanella,12.93,92.58,2011-11-25
Sthenelanella,13.52,92.78,2011-11-25
Sthenelanella,11.7,92.77,2011-11-20
Sthenelanella,8.0,93.64,2011-12-08
Sthenelanella,7.13,93.55,2011-11-11
Willeysthenelais,10.68,92.31,2009-01-10
Polyodontes,12.94,92.44,2009-01-12
Zachsiella,10.95,80.02,
Euthalenessa,7.988,77.645,2009-05-30
Harmothoe,7.475,77.51,2009-05-30
Cephea cephea,22.27,68.95,2018-01-04
Onchnesoma steenstrupii steenstrupii,8.3,76.48,2011-09-04
Onchnesoma steenstrupii steenstrupii,8.3,76.48,2011-09-06
Onchnesoma steenstrupii steenstrupii,10.69,92.3,2011-11-21
Onchnesoma steenstrupii steenstrupii,12.68,92.17,2011-11-29
Onchnesoma steenstrupii steenstrupii,7.11,93.53,2011-12-11
Onchnesoma steenstrupii steenstrupii,8.53,76.79,2013-07-16
Onchnesoma steenstrupii steenstrupii,8.51,76.75,2013-07-16
Sipunculus (Sipunculus) nudus,15.49,73.06,2014-09-28
Sipunculus (Sipunculus) longipapillosus,15.49,73.06,2014-09-28
Sipunculus (Sipunculus) norvegicus,14.41,73.04,2019-01-02
Aspidosiphon (Paraspidosiphon) laevis,12.25,92.35,2009-01-12
Sipunculus (Sipunculus) nudus,9.3,92.78,2009-01-16
Phascolosoma (Phascolosoma) perlucens,8.53,76.79,2013-07-16
Nephasoma (Cutlerensis) rutilofuscum,14.41,73.04,2019-01-02
Sipunculus,14.41,73.04,2019-01-02
Phascolion (Lesenka),10.99,74.97,2015-06-17
Phascolion (Montuga),10.99,74.97,2015-06-17
Phascolion (Montuga),12.01,74.25,2015-06-18
Engystenopus palmipes,8.24,76.49,2020-02-29
Squilloides leptosquilla,11.21,92.36,2015-01-15
Squilloides leptosquilla,13.03,92.17,2015-01-18
Squilloides leptosquilla,6.6,93.7,2015-02-01
Squilloides leptosquilla,12.53,93.15,2016-04-10
Squilloides leptosquilla,12.49,93.18,2017-11-25
Gonodactylopsis drepanophora,10.72,92.71,2019-08-10
Odontodactylus latirostris,10.72,92.71,2019-08-10
Odontodactylus latirostris,6.65,93.83,2019-08-16
Chorisquilla andamanica,6.65,93.83,2019-08-16
Haptosquilla tuberosa,10.72,92.71,2019-08-10
Pseudosquilla ciliata,10.72,92.71,2019-08-10
Busquilla plantei,10.79,80.11,2019-11-30
Cloridina malaccensis,10.79,80.11,2019-11-30
Harpiosquilla harpax,22.49,68.19,2018-02-22
Lenisquilla gilesi,22.49,68.19,2018-02-22
Quollastria gonypetes,22.49,68.19,2018-02-22
Quollastria gonypetes,10.79,80.11,2019-11-30
Quollastria gonypetes,13.01,74.02,2018-11-25
Quollastria gonypetes,15.36,73.11,2018-11-24
Squilloides leptosquilla,13.22,93.18,2011-11-27
Squilloides leptosquilla,9.5,75.7,2018-03-03
Squilloides leptosquilla,10.54,80.35,2019-11-06
Squilloides leptosquilla,11.57,92.81,2019-08-09
Squilloides leptosquilla,10.57,80.43,2019-11-06
Miyakella nepa,11.25,75.62,2009-08-07
Squilloides leptosquilla,7.75,93.21,2011-12-13
Squilloides leptosquilla,6.84,93.05,2011-12-10
Squilloides leptosquilla,9.93,75.57,2015-05-27
Phylladiorhynchus,8.9,76.02,
Galathea quadrangularis,8.92,76.08,
Galathea,9.28,92.7,2011-12-06
Allomunida magnicheles,11.99,80.08,2005-07-16
Trapezionida latior,11.74,74.68,1999-10-18
Trapezionida samudrika,11.99,80.08,2005-07-16
Trapezionida bharuchai,9.28,92.7,2011-12-06
Trapezionida bharuchai,7.13,93.54,2011-12-11
Porcellanella haigae,6.64,93.82,2019-08-16
Trapezionida latior,8.43,76.7,
Bathynomus keablei,11.1,80.32,2010-08-26
Bathynomus keablei,14.26,73.26,2010-10-15
Bathynomus keablei,7.95,76.63,2013-09-09
Bathynomus keablei,8.29,76.03,2013-09-10
Bathynomus keablei,11.36,92.8,2015-01-16
Bathynomus keablei,8.41,76.16,2017-10-26
Bathynomus keablei,14.39,73.03,2018-02-28
Bathynomus keablei,8.64,76.1,2020-09-23
Bathynomus keablei,14.45,73.06,2020-10-05
Aspidosiphon (Akrikos) carnicobarensis,9.3,92.86,2017-01-12
Aristeus alcocki,8.39,93.34,2015-01-29
Aristeus virilis,8.48,93.43,2016-04-05
